{"control_nodes": [[-4.592425496802574e-15, -25.0, -28.0, 8.0], [0.0, 0.0, -28.0, 8.0], [0.43631016093208996, 24.996192378909782, -28.0, 8.0], [0.8726203218641799, 49.992384757819565, -28.0, 8.0], [-15.5288554028985, 68.86012426338887, -28.0, 8.0], [-26.48813407262544, 91.32997542086804, -28.0, 8.0], [-13.612182199874084, 112.75915793842084, -28.0, 8.0], [10.645210957025828, 106.71111054842915, -28.0, 8.0], [23.521162829777182, 85.28192803087634, -28.0, 8.0], [45.38665550826208, 73.16168752471792, -28.0, 8.0], [51.0104318668587, 48.80243590508704, -28.0, 8.0], [56.634208225455325, 24.443184285456155, -28.0, 8.0]], "sample_nodes": [[0.0, 0.0, -28.0, 8.0], [0.012658656076029565, 1.3156790032662282, -28.0, 8.0], [0.02754370894935066, 2.6313385770619515, -28.0, 8.0], [0.044464324608766974, 3.9469803867703668, -28.0, 8.0], [0.06322966904308198, 5.262606097774648, -28.0, 8.0], [0.08364890824109937, 6.578217375457992, -28.0, 8.0], [0.10553120819162266, 7.893815885203578, -28.0, 8.0], [0.12868573488345536, 9.20940329239459, -28.0, 8.0], [0.15292165430540106, 10.524981262414212, -28.0, 8.0], [0.17804813244626355, 11.840551460645646, -28.0, 8.0], [0.20387433529484628, 13.156115552472063, -28.0, 8.0], [0.2302094288399526, 14.471675203276643, -28.0, 8.0], [0.2568625790703865, 15.78723207844259, -28.0, 8.0], [0.28364295197495115, 17.10278784335307, -28.0, 8.0], [0.31035971354245045, 18.418344163391282, -28.0, 8.0], [0.33682202976168785, 19.733902703940412, -28.0, 8.0], [0.36283906662146675, 21.049465130383634, -28.0, 8.0], [0.38821999011059116, 22.36503310810415, -28.0, 8.0], [0.41277396621786433, 23.68060830248514, -28.0, 8.0], [0.43631016093208996, 24.996192378909782, -28.0, 8.0], [0.48136746390158086, 26.319822867996606, -28.0, 8.0], [0.5657022962734793, 27.65774920866141, -28.0, 8.0], [0.6819501212848349, 29.007290928733347, -28.0, 8.0], [0.8227464021726948, 30.365767556041515, -28.0, 8.0], [0.9807266021741089, 31.73049861841507, -28.0, 8.0], [1.1485261845261248, 33.09880364368311, -28.0, 8.0], [1.3187806124657904, 34.46800215967478, -28.0, 8.0], [1.4841253492301556, 35.83541369421919, -28.0, 8.0], [1.6371958580562689, 37.198357775145496, -28.0, 8.0], [1.770627602181178, 38.5541539302828, -28.0, 8.0], [1.877056044841931, 39.90012168746023, -28.0, 8.0], [1.949116649275577, 41.233580574506924, -28.0, 8.0], [1.979444878719165, 42.55185011925199, -28.0, 8.0], [1.9606761964097428, 43.85224984952458, -28.0, 8.0], [1.8854460655843588, 45.132099293153786, -28.0, 8.0], [1.746389949480063, 46.38871797796877, -28.0, 8.0], [1.5361433113339023, 47.619425431798646, -28.0, 8.0], [1.247341614382925, 48.82154118247254, -28.0, 8.0], [0.8726203218641799, 49.992384757819565, -28.0, 8.0], [0.39992879297482264, 51.12544268494079, -28.0, 8.0], [-0.17137735304237778, 52.218825785265466, -28.0, 8.0], [-0.8315532628819591, 53.27679002811506, -28.0, 8.0], [-1.5708540832384512, 54.303591382810964, -28.0, 8.0], [-2.379534960806393, 55.30348581867468, -28.0, 8.0], [-3.2478510422803146, 56.280729305027585, -28.0, 8.0], [-4.16605747435475, 57.239577811191154, -28.0, 8.0], [-5.124409403724232, 58.18428730648682, -28.0, 8.0], [-6.113161977083301, 59.11911376023601, -28.0, 8.0], [-7.1225703411264885, 60.048313141760175, -28.0, 8.0], [-8.142889642548319, 60.976141420380756, -28.0, 8.0], [-9.164375028043345, 61.90685456541918, -28.0, 8.0], [-10.177281644306078, 62.84470854619689, -28.0, 8.0], [-11.171864638031067, 63.79395933203534, -28.0, 8.0], [-12.138379155912848, 64.75886289225595, -28.0, 8.0], [-13.067080344645941, 65.74367519618018, -28.0, 8.0], [-13.948223350924895, 66.75265221312944, -28.0, 8.0], [-14.772063321444238, 67.7900499124252, -28.0, 8.0], [-15.5288554028985, 68.86012426338887, -28.0, 8.0], [-16.265471906407694, 69.95903667015371, -28.0, 8.0], [-17.02991852972346, 71.07875744636823, -28.0, 8.0], [-17.814150499487862, 72.21725592562699, -28.0, 8.0], [-18.610123042342906, 73.3725014415244, -28.0, 8.0], [-19.409791384930625, 74.54246332765496, -28.0, 8.0], [-20.205110753893045, 75.72511091761314, -28.0, 8.0], [-20.9880363758722, 76.91841354499343, -28.0, 8.0], [-21.75052347751011, 78.12034054339027, -28.0, 8.0], [-22.48452728544882, 79.32886124639813, -28.0, 8.0], [-23.18200302633034, 80.54194498761154, -28.0, 8.0], [-23.834905926796697, 81.75756110062488, -28.0, 8.0], [-24.43519121348994, 82.97367891903272, -28.0, 8.0], [-24.974814113052076, 84.18826777642947, -28.0, 8.0], [-25.445729852125144, 85.39929700640963, -28.0, 8.0], [-25.839893657351176, 86.60473594256766, -28.0, 8.0], [-26.14926075537219, 87.80255391849803, -28.0, 8.0], [-26.36578637283022, 88.99072026779525, -28.0, 8.0], [-26.481425736367296, 90.16720432405378, -28.0, 8.0], [-26.48813407262544, 91.32997542086804, -28.0, 8.0], [-26.38834134677263, 92.5184603716878, -28.0, 8.0], [-26.193472077919328, 93.76573119160258, -28.0, 8.0], [-25.908973323621304, 95.06022501666695, -28.0, 8.0], [-25.540292141434314, 96.39037898293516, -28.0, 8.0], [-25.092875588914133, 97.74463022646172, -28.0, 8.0], [-24.572170723616516, 99.11141588330096, -28.0, 8.0], [-23.983624603097233, 100.47917308950733, -28.0, 8.0], [-23.33268428491205, 101.83633898113521, -28.0, 8.0], [-22.62479682661673, 103.17135069423901, -28.0, 8.0], [-21.86540928576703, 104.47264536487313, -28.0, 8.0], [-21.05996871991872, 105.72866012909196, -28.0, 8.0], [-20.213922186627567, 106.9278321229499, -28.0, 8.0], [-19.332716743449343, 108.0585984825014, -28.0, 8.0], [-18.421799447939794, 109.1093963438008, -28.0, 8.0], [-17.48661735765469, 110.06866284290253, -28.0, 8.0], [-16.53261753014981, 110.92483511586099, -28.0, 8.0], [-15.565247022980907, 111.66635029873062, -28.0, 8.0], [-14.589952893703744, 112.28164552756579, -28.0, 8.0], [-13.612182199874084, 112.75915793842084, -28.0, 8.0], [-12.589356946460155, 113.10999572138971, -28.0, 8.0], [-11.481905143185958, 113.3565027149252, -28.0, 8.0], [-10.299782854740936, 113.50396952762051, -28.0, 8.0], [-9.052946145814536, 113.55768676806866, -28.0, 8.0], [-7.751351081096193, 113.52294504486275, -28.0, 8.0], [-6.404953725275358, 113.40503496659585, -28.0, 8.0], [-5.0237101430414715, 113.20924714186106, -28.0, 8.0], [-3.6175763990839824, 112.94087217925141, -28.0, 8.0], [-2.1965085580923205, 112.60520068736011, -28.0, 8.0], [-0.7704626847559364, 112.20752327478009, -28.0, 8.0], [0.6506051562357191, 111.75313055010452, -28.0, 8.0], [2.0567389001932215, 111.24731312192642, -28.0, 8.0], [3.437982482427101, 110.69536159883896, -28.0, 8.0], [4.784379838247937, 110.10256658943514, -28.0, 8.0], [6.085974902966279, 109.47421870230811, -28.0, 8.0], [7.332811611892675, 108.81560854605088, -28.0, 8.0], [8.514933900337699, 108.13202672925664, -28.0, 8.0], [9.622385703611899, 107.42876386051834, -28.0, 8.0], [10.645210957025828, 106.71111054842915, -28.0, 8.0], [11.57991080348212, 105.93432508753484, -28.0, 8.0], [12.43556369005549, 105.05733802266803, -28.0, 8.0], [13.221079508314642, 104.0909483378523, -28.0, 8.0], [13.945368149828244, 103.045955017111, -28.0, 8.0], [14.617339506165006, 101.93315704446763, -28.0, 8.0], [15.245903468893609, 100.76335340394566, -28.0, 8.0], [15.839969929582743, 99.54734307956849, -28.0, 8.0], [16.4084487798011, 98.29592505535966, -28.0, 8.0], [16.960249911117373, 97.01989831534252, -28.0, 8.0], [17.50428321510025, 95.73006184354057, -28.0, 8.0], [18.04945858331842, 94.43721462397727, -28.0, 8.0], [18.604685907340574, 93.15215564067603, -28.0, 8.0], [19.1788750787354, 91.88568387766038, -28.0, 8.0], [19.780935989071594, 90.64859831895372, -28.0, 8.0], [20.419778529917842, 89.45169794857952, -28.0, 8.0], [21.10431259284283, 88.30578175056122, -28.0, 8.0], [21.84344806941526, 87.22164870892232, -28.0, 8.0], [22.646094851203813, 86.21009780768621, -28.0, 8.0], [23.521162829777182, 85.28192803087634, -28.0, 8.0], [24.480969316624133, 84.44021578003108, -28.0, 8.0], [25.52453457141376, 83.67455501602267, -28.0, 8.0], [26.640822907985292, 82.97552106187575, -28.0, 8.0], [27.81879864017792, 82.33368924061486, 