{"control_nodes": [[-4.592425496802574e-15, -25.0, -28.0, 8.0], [0.0, 0.0, -28.0, 8.0], [0.43631016093208996, 24.996192378909782, -28.0, 8.0], [0.8726203218641799, 49.992384757819565, -28.0, 8.0], [-17.99511918370512, 66.39386048258226, -28.0, 8.0], [-42.991311562614904, 66.83017064351434, -28.0, 8.0], [-66.76772446999374, 74.55559550288802, -28.0, 8.0], [-64.1545128883024, 99.41864288709486, -28.0, 8.0], [-63.71820272737032, 124.41483526600464, -28.0, 8.0], [-87.7497451258283, 131.30576916142962, -28.0, 8.0], [-111.52615803320714, 139.0311940208033, -28.0, 8.0], [-135.30257094058598, 146.75661888017697, -28.0, 8.0]], "sample_nodes": [[0.0, 0.0, -28.0, 8.0], [0.012658656076029565, 1.3156790032662282, -28.0, 8.0], [0.02754370894935066, 2.6313385770619515, -28.0, 8.0], [0.044464324608766974, 3.9469803867703668, -28.0, 8.0], [0.06322966904308198, 5.262606097774648, -28.0, 8.0], [0.08364890824109937, 6.578217375457992, -28.0, 8.0], [0.10553120819162266, 7.893815885203578, -28.0, 8.0], [0.12868573488345536, 9.20940329239459, -28.0, 8.0], [0.15292165430540106, 10.524981262414212, -28.0, 8.0], [0.17804813244626355, 11.840551460645646, -28.0, 8.0], [0.20387433529484628, 13.156115552472063, -28.0, 8.0], [0.2302094288399526, 14.471675203276643, -28.0, 8.0], [0.2568625790703865, 15.78723207844259, -28.0, 8.0], [0.28364295197495115, 17.10278784335307, -28.0, 8.0], [0.31035971354245045, 18.418344163391282, -28.0, 8.0], [0.33682202976168785, 19.733902703940412, -28.0, 8.0], [0.36283906662146675, 21.049465130383634, -28.0, 8.0], [0.38821999011059116, 22.36503310810415, -28.0, 8.0], [0.41277396621786433, 23.68060830248514, -28.0, 8.0], [0.43631016093208996, 24.996192378909782, -28.0, 8.0], [0.484603558671556, 26.32305896276658, -28.0, 8.0], [0.5779275431822744, 27.669974455570205, -28.0, 8.0], [0.7078388794446362, 29.033179686893146, -28.0, 8.0], [0.86589433243903, 30.408915486307848, -28.0, 8.0], [1.043650667145848, 31.793422683386808, -28.0, 8.0], [1.2326646485454789, 33.182942107702466, -28.0, 8.0], [1.4244930416183121, 34.5737145888273, -28.0, 8.0], [1.6106926113447395, 35.961980956333775, -28.0, 8.0], [1.782820122705151, 37.34398203979438, -28.0, 8.0], [1.932432340679936, 38.71595866878156, -28.0, 8.0], [2.0510860302494835, 40.074151672867785, -28.0, 8.0], [2.130337956394186, 41.414801881625536, -28.0, 8.0], [2.161744884094432, 42.734150124627256, -28.0, 8.0], [2.1368635783306127, 44.02843723144545, -28.0, 8.0], [2.047250804083116, 45.293904031652545, -28.0, 8.0], [1.8844633263323363, 46.52679135482105, -28.0, 8.0], [1.64005791005866, 47.72334003052341, -28.0, 8.0], [1.3055913202424776, 48.87979088833209, -28.0, 8.0], [0.8726203218641799, 49.992384757819565, -28.0, 8.0], [0.34355750808998053, 51.079564131589166, -28.0, 8.0], [-0.26971386266833997, 52.16012848365385, -28.0, 8.0], [-0.9614310275620497, 53.23085411570064, -28.0, 8.0], [-1.7258312237424072, 54.28851732941646, -28.0, 8.0], [-2.557151688360682, 55.32989442648833, -28.0, 8.0], [-3.449629658568133, 56.35176170860319, -28.0, 8.0], [-4.397502371516024, 57.350895477448034, -28.0, 8.0], [-5.395007064355619, 58.324072034709815, -28.0, 8.0], [-6.436380974238188, 59.268067682075525, -28.0, 8.0], [-7.515861338314988, 60.179658721232116, -28.0, 8.0], [-8.627685393737277, 61.05562145386658, -28.0, 8.0], [-9.766090377656337, 61.89273218166588, -28.0, 8.0], [-10.925313527223409, 62.68776720631699, -28.0, 8.0], [-12.09959207958977, 63.43750282950689, -28.0, 8.0], [-13.28316327190669, 64.13871535292255, -28.0, 8.0], [-14.47026434132541, 64.78818107825093, -28.0, 8.0], [-15.655132524997217, 65.38267630717904, -28.0, 8.0], [-16.83200506007337, 65.91897734139383, -28.0, 8.0], [-17.99511918370512, 66.39386048258226, -28.0, 8.0], [-19.167563286132452, 66.7843347145623, -28.0, 8.0], [-20.374124945362723, 67.0763388153411, -28.0, 8.0], [-21.61159018019831, 67.28004377788953, -28.0, 8.0], [-22.876745009441557, 67.40562059517835, -28.0, 8.0], [-24.166375451894837, 67.46324026017842, -28.0, 8.0], [-25.477267526360492, 67.46307376586053, -28.0, 8.0], [-26.8062072516409, 67.41529210519549, -28.0, 8.0], [-28.14998064653841, 67.33006627115412, -28.0, 8.0], [-29.505373729855393, 67.21756725670726, -28.0, 8.0], [-30.8691725203942, 67.08796605482566, -28.0, 8.0], [-32.23816303695718, 66.9514336584802, -28.0, 8.0], [-33.60913129834672, 66.81814106064165, -28.0, 8.0], [-34.97886332336515, 66.69825925428086, -28.0, 8.0], [-36.344145130814844, 66.60195923236861, -28.0, 8.0], [-37.70176273949817, 66.53941198787575, -28.0, 8.0], [-39.04850216821747, 66.52078851377308, -28.0, 8.0], [-40.38114943577513, 66.55625980303142, -28.0, 8.0], [-41.696490560973494, 66.65599684862156, -28.0, 8.0], [-42.991311562614904, 66.83017064351434, -28.0, 8.0], [-44.30613820707524, 67.0421262041446, -28.0, 8.0], [-45.67629969776993, 67.25129958866287, -28.0, 8.0], [-47.09078720906078, 67.46199835261365, -28.0, 8.0], [-48.538591915309524, 67.67853005154129, -28.0, 8.0], [-50.00870499087796, 67.90520224099025, -28.0, 8.0], [-51.49011761012784, 68.14632247650493, -28.0, 8.0], [-52.97182094742092, 68.40619831362977, -28.0, 8.0], [-54.44280617711901, 68.68913730790916, -28.0, 8.0], [-55.89206447358387, 68.99944701488756, -28.0, 8.0], [-57.308587011177266, 69.34143499010936, -28.0, 8.0], [-58.68136496426094, 69.71940878911897, -28.0, 8.0], [-59.999389507196724, 70.13767596746084, -28.0, 8.0], [-61.2516518143463, 70.60054408067937, -28.0, 8.0], [-62.42714306007152, 71.11232068431897, -28.0, 8.0], [-63.5148544187341, 71.6773133339241, -28.0, 8.0], [-64.50377706469585, 72.29982958503913, -28.0, 8.0], [-65.38290217231854, 72.98417699320855, -28.0, 8.0], [-66.14122091596391, 73.7346631139767, -28.0, 8.0], [-66.76772446999374, 74.55559550288802, -28.0, 8.0], [-67.25061668073174, 75.45923553084012, -28.0, 8.0], [-67.59377025903795, 76.45001456862656, -28.0, 8.0], [-67.80967967607866, 77.52049517163586, -28.0, 8.0], [-67.91083940302015, 78.66323989525651, -28.0, 8.0], [-67.90974391102868, 79.87081129487694, -28.0, 8.0], [-67.81888767127052, 81.1357719258857, -28.0, 8.0], [-67.65076515491197, 82.45068434367124, -28.0, 8.0], [-67.4178708331193, 83.80811110362202, -28.0, 8.0], [-67.13269917705877, 85.20061476112662, -28.0, 8.0], [-66.80774465789665, 86.6207578715734, -28.0, 8.0], [-66.45550174679923, 88.06110299035089, -28.0, 8.0], [-66.08846491493283, 89.51421267284762, -28.0, 8.0], [-65.71912863346364, 90.972649474452, -28.0, 8.0], [-65.359987373558, 92.42897595055257, -28.0, 8.0], [-65.02353560638215, 93.8757546565378, -28.0, 8.0], [-64.7222678031024, 95.30554814779613, -28.0, 8.0], [-64.468678434885, 96.71091897971611, -28.0, 8.0], [-64.27526197289626, 98.08442970768621, -28.0, 8.0], [-64.1545128883024, 99.41864288709486, -28.0, 8.0], [-64.04802846327048, 100.75484397850703, -28.0, 8.0], [-63.89557609958515, 102.13395864486452, -28.0, 8.0], [-63.7069054478392, 103.54800974512145, -28.0, 8.0], [-63.491766158625424, 104.9890201382317, -28.0, 8.0], [-63.259907882536595, 106.44901268314932, -28.0, 8.0], [-63.0210802701655, 107.9200102388283, -28.0, 8.0], [-62.7850329721049, 109.39403566422261, -28.0, 8.0], [-62.56151563894759, 110.86311181828628, -28.0, 8.0], [-62.36027792128638, 112.31926155997326, -28.0, 8.0], [-62.191069469714, 113.75450774823759, -28.0, 8.0], [-62.06363993482327, 115.16087324203318, -28.0, 8.0], [-61.987738967206965, 116.53038090031413, -28.0, 8.0], [-61.97311621745787, 117.85505358203434, -28.0, 8.0], [-62.02952133616874, 119.12691414614787, -28.0, 8.0], [-62.16670397393239, 120.33798545160867, -28.0, 8.0], [-62.394413781341584, 121.48029035737076, -28.0, 8.0], [-62.72240040898913, 122.54585172238814, -28.0, 8.0], [-63.16041350746777, 123.52669240561478, -28.0, 8.0], [-63.71820272737032, 124.41483526600464, -28.0, 8.0], [-64.40545901205348, 125.20404194218156, -28.0, 8.0], [-65.21816462046255, 125.89891476468516, -28.0, 8.0], [-66.1455061765731, 126.50773763034334, -28.0, 8.0], [-67.17667030436074, 127.03879443598393, -28.0, 8.0], [-68.30084362780104, 