{"control_nodes": [[-4.592425496802574e-15, -25.0, -28.0, 8.0], [0.0, 0.0, -28.0, 8.0], [0.43631016093208996, 24.996192378909782, -28.0, 8.0], [0.8726203218641799, 49.992384757819565, -28.0, 8.0], [-9.295795755030827, 72.83102119888459, -28.0, 8.0], [6.773894487132658, 91.98213227685903, -28.0, 8.0], [21.819270065933868, 111.94802002804136, -28.0, 8.0], [42.04469492530755, 126.64265133535318, -28.0, 8.0], [66.80139664384681, 123.16332381135155, -28.0, 8.0], [82.53440642009275, 142.59197284777582, -28.0, 8.0], [91.08491000323447, 166.08428836742354, -28.0, 8.0], [99.63541358637619, 189.57660388707126, -28.0, 8.0]], "sample_nodes": [[0.0, 0.0, -28.0, 8.0], [0.012658656076029565, 1.3156790032662282, -28.0, 8.0], [0.02754370894935066, 2.6313385770619515, -28.0, 8.0], [0.044464324608766974, 3.9469803867703668, -28.0, 8.0], [0.06322966904308198, 5.262606097774648, -28.0, 8.0], [0.08364890824109937, 6.578217375457992, -28.0, 8.0], [0.10553120819162266, 7.893815885203578, -28.0, 8.0], [0.12868573488345536, 9.20940329239459, -28.0, 8.0], [0.15292165430540106, 10.524981262414212, -28.0, 8.0], [0.17804813244626355, 11.840551460645646, -28.0, 8.0], [0.20387433529484628, 13.156115552472063, -28.0, 8.0], [0.2302094288399526, 14.471675203276643, -28.0, 8.0], [0.2568625790703865, 15.78723207844259, -28.0, 8.0], [0.28364295197495115, 17.10278784335307, -28.0, 8.0], [0.31035971354245045, 18.418344163391282, -28.0, 8.0], [0.33682202976168785, 19.733902703940412, -28.0, 8.0], [0.36283906662146675, 21.049465130383634, -28.0, 8.0], [0.38821999011059116, 22.36503310810415, -28.0, 8.0], [0.41277396621786433, 23.68060830248514, -28.0, 8.0], [0.43631016093208996, 24.996192378909782, -28.0, 8.0], [0.4731887881717647, 26.314612476916352, -28.0, 8.0], [0.5348050768497294, 27.638065509024894, -28.0, 8.0], [0.6165207154463056, 28.965607800091313, -28.0, 8.0], [0.7136973924418126, 30.29629567497146, -28.0, 8.0], [0.8216967963165723, 31.629185458521242, -28.0, 8.0], [0.9358806155509045, 32.963333475596514, -28.0, 8.0], [1.0516105386251293, 34.297796051053155, -28.0, 8.0], [1.164248254019568, 35.63162950974704, -28.0, 8.0], [1.2691554502145415, 36.96389017653408, -28.0, 8.0], [1.3616938156903695, 38.293634376270106, -28.0, 8.0], [1.4372250389273724, 39.61991843381102, -28.0, 8.0], [1.491110808405872, 40.94179867401271, -28.0, 8.0], [1.5187128126061877, 42.25833142173102, -28.0, 8.0], [1.5153927400086404, 43.56857300182186, -28.0, 8.0], [1.4765122790935505, 44.8715797391411, -28.0, 8.0], [1.3974331183412398, 46.1664079585446, -28.0, 8.0], [1.2735169462320273, 47.45211398488827, -28.0, 8.0], [1.100125451246234, 48.727754143027965, -28.0, 8.0], [0.8726203218641799, 49.992384757819565, -28.0, 8.0], [0.5534811601638391, 51.25021527909428, -28.0, 8.0], [0.11902269252547876, 52.50563815318786, -28.0, 8.0], [-0.4146407061171443, 53.757984199713185, -28.0, 8.0], [-1.031394660830267, 55.00658423828302, -28.0, 8.0], [-1.7151247966801344, 56.25076908851021, -28.0, 8.0], [-2.4497167387329837, 57.48986957000754, -28.0, 8.0], [-3.2190561120550534, 58.72321650238783, -28.0, 8.0], [-4.007028541712586, 59.95014070526388, -28.0, 8.0], [-4.797519652771827, 61.16997299824851, -28.0, 8.0], [-5.574415070299012, 62.38204420095452, -28.0, 8.0], [-6.321600419360378, 63.585685132994726, -28.0, 8.0], [-7.022961325022174, 64.78022661398194, -28.0, 8.0], [-7.66238341235063, 65.96499946352895, -28.0, 8.0], [-8.223752306411996, 67.13933450124861, -28.0, 8.0], [-8.690953632272507, 68.30256254675368, -28.0, 8.0], [-9.047873014998403, 69.45401441965701, -28.0, 8.0], [-9.278396079655932, 70.59302093957142, -28.0, 8.0], [-9.366408451311326, 71.71891292610968, -28.0, 8.0], [-9.295795755030827, 72.83102119888459, -28.0, 8.0], [-9.068385959768575, 73.92499950737134, -28.0, 8.0], [-8.704699337595567, 74.99826053717612, -28.0, 8.0], [-8.216659968253355, 76.0527735121084, -28.0, 8.0], [-7.616191931483485, 77.09050765597759, -28.0, 8.0], [-6.915219307027497, 78.11343219259312, -28.0, 8.0], [-6.125666174626943, 79.12351634576444, -28.0, 8.0], [-5.259456614023367, 80.12272933930096, -28.0, 8.0], [-4.328514704958319, 81.11304039701214, -28.0, 8.0], [-3.344764527173333, 82.09641874270739, -28.0, 8.0], [-2.320130160409961, 83.07483360019614, -28.0, 8.0], [-1.2665356844097542, 84.05025419328781, -28.0, 8.0], [-0.19590517891424564, 85.02464974579189, -28.0, 8.0], [0.8798372763349998, 85.99998948151774, -28.0, 8.0], [1.9487676015964543, 86.97824262427486, -28.0, 8.0], [2.998961717128567, 87.96137839787262, -28.0, 8.0], [4.018495543189783, 88.95136602612048, -28.0, 8.0], [4.995445000038571, 89.9501747328279, -28.0, 8.0], [5.917886007933379, 90.95977374180427, -28.0, 8.0], [6.773894487132658, 91.98213227685903, -28.0, 8.0], [7.583152267550617, 93.02064123809421, -28.0, 8.0], [8.375099681777169, 94.0756040973705, -28.0, 8.0], [9.152450404084345, 95.1443589361355, -28.0, 8.0], [9.917918108744157, 96.22424383583676, -28.0, 8.0], [10.674216470028638, 97.31259687792179, -28.0, 8.0], [11.424059162209804, 98.40675614383822, -28.0, 8.0], [12.170159859559678, 99.50405971503353, -28.0, 8.0], [12.915232236350285, 100.6018456729553, -28.0, 8.0], [13.661989966853653, 101.6974520990511, -28.0, 8.0], [14.413146725341798, 102.78821707476845, -28.0, 8.0], [15.17141618608674, 103.87147868155493, -28.0, 8.0], [15.93951202336051, 104.94457500085808, -28.0, 8.0], [16.72014791143512, 106.00484411412546, -28.0, 8.0], [17.5160375245826, 107.04962410280459, -28.0, 8.0], [18.329894537074985, 108.07625304834308, -28.0, 8.0], [19.164432623184272, 109.08206903218843, -28.0, 8.0], [20.022365457182502, 110.06441013578822, -28.0, 8.0], [20.906406713341696, 111.02061444059004, -28.0, 8.0], [21.819270065933868, 111.94802002804136, -28.0, 8.0], [22.755474891571527, 112.86976825304916, -28.0, 8.0], [23.70754227663086, 113.80701281364017, -28.0, 8.0], [24.6751884600295, 114.75411030594185, -28.0, 8.0], [25.65812968068501, 115.70541732608153, -28.0, 8.0], [26.656082177515, 116.65529047018657, -28.0, 8.0], [27.668762189437068, 117.59808633438443, -28.0, 8.0], [28.695885955368784, 118.52816151480238, -28.0, 8.0], [29.73716971422776, 119.43987260756784, -28.0, 8.0], [30.792329704931603, 120.32757620880821, -28.0, 8.0], [31.86108216639788, 121.18562891465083, -28.0, 8.0], [32.9431433375442, 122.00838732122307, -28.0, 8.0], [34.03822945728816, 122.79020802465233, -28.0, 8.0], [35.14605676454734, 123.525447621066, -28.0, 8.0], [36.26634149823934, 124.20846270659143, -28.0, 8.0], [37.398799897281776, 124.83360987735597, -28.0, 8.0], [38.543148200592206, 125.39524572948706, -28.0, 8.0], [39.69910264708826, 125.88772685911204, -28.0, 8.0], [40.86637947568751, 126.30540986235833, -28.0, 8.0], [42.04469492530755, 126.64265133535318, -28.0, 8.0], [43.2524971846294, 126.85871377965474, -28.0, 8.0], [44.50447115428035, 126.92860095291636, -28.0, 8.0], [45.794688141097545, 126.87028133540858, -28.0, 8.0], [47.11721945191804, 126.70172340740181, -28.0, 8.0], [48.466136393578964, 126.44089564916658, -28.0, 8.0], [49.83551027291737, 126.10576654097335, -28.0, 8.0], [51.21941239677038, 125.7143045630926, -28.0, 8.0], [52.611914071975065, 125.2844781957948, -28.0, 8.0], [54.007086605368556, 124.83425591935045, -28.0, 8.0], [55.39900130378791, 124.38160621403003, -28.0, 8.0], [56.781729474070204, 123.94449756010398, -28.0, 8.0], [58.1493424230526, 123.54089843784283, -28.0, 8.0], [59.49591145757213, 123.18877732751702, -28.0, 8.0], [60.81550788446591, 122.90610270939705, -28.0, 8.0], [62.10220301057103, 122.71084306375339, -28.0, 8.0], [63.35006814272458, 122.62096687085653, -28.0, 8.0], [64.55317458776368, 122.65444261097696, -28.0, 8.0], [65.7055936525254, 122.82923876438514, -28.0, 8.0], [66.80139664384681, 123.16332381135155, -28.0, 8.0], [67.85200127711906, 123.63949775813843, -28.0, 8.0], [68.87331459695044, 124.22308685522172, -28.0, 8.0], [69.86614190400404, 124.90584894919262, -28.0, 8.0], [70.83128849894283, 125.67954188664211, -28.0, 8.0], [71.76955968242983, 126.53592351416142, 