{"control_nodes": [[-4.592425496802574e-15, -25.0, -28.0, 8.0], [0.0, 0.0, -28.0, 8.0], [0.43631016093208996, 24.996192378909782, -28.0, 8.0], [0.8726203218641799, 49.992384757819565, -28.0, 8.0], [14.488596197239856, 70.95914895645517, -28.0, 8.0], [15.361083614802382, 95.94391963193256, -28.0, 8.0], [30.055714922114213, 116.16934449130625, -28.0, 8.0], [52.52556607959339, 127.12862316103318, -28.0, 8.0], [67.5709416583946, 147.0945109122155, -28.0, 8.0], [86.4386811639639, 163.4959866369782, -28.0, 8.0], [73.9386811639639, 185.14662173158916, -28.0, 8.0], [61.81844065780548, 207.01211441007405, -28.0, 8.0]], "sample_nodes": [[0.0, 0.0, -28.0, 8.0], [0.012658656076029565, 1.3156790032662282, -28.0, 8.0], [0.02754370894935066, 2.6313385770619515, -28.0, 8.0], [0.044464324608766974, 3.9469803867703668, -28.0, 8.0], [0.06322966904308198, 5.262606097774648, -28.0, 8.0], [0.08364890824109937, 6.578217375457992, -28.0, 8.0], [0.10553120819162266, 7.893815885203578, -28.0, 8.0], [0.12868573488345536, 9.20940329239459, -28.0, 8.0], [0.15292165430540106, 10.524981262414212, -28.0, 8.0], [0.17804813244626355, 11.840551460645646, -28.0, 8.0], [0.20387433529484628, 13.156115552472063, -28.0, 8.0], [0.2302094288399526, 14.471675203276643, -28.0, 8.0], [0.2568625790703865, 15.78723207844259, -28.0, 8.0], [0.28364295197495115, 17.10278784335307, -28.0, 8.0], [0.31035971354245045, 18.418344163391282, -28.0, 8.0], [0.33682202976168785, 19.733902703940412, -28.0, 8.0], [0.36283906662146675, 21.049465130383634, -28.0, 8.0], [0.38821999011059116, 22.36503310810415, -28.0, 8.0], [0.41277396621786433, 23.68060830248514, -28.0, 8.0], [0.43631016093208996, 24.996192378909782, -28.0, 8.0], [0.44198022605331644, 26.317068644022616, -28.0, 8.0], [0.4169060644022585, 27.64734436253745, -28.0, 8.0], [0.36685221849871996, 28.985257136941428, -28.0, 8.0], [0.29758323086250366, 30.32904456972165, -28.0, 8.0], [0.21486364401341293, 31.676944263365264, -28.0, 8.0], [0.12445800047125105, 33.02719382035937, -28.0, 8.0], [0.0321308427558219, 34.37803084319111, -28.0, 8.0], [-0.056353286613071873, 35.72769293434759, -28.0, 8.0], [-0.13522984511562725, 37.074417696315955, -28.0, 8.0], [-0.19873429023204037, 38.4164427315833, -28.0, 8.0], [-0.24110207944250772, 39.752005642636774, -28.0, 8.0], [-0.256568670227227, 41.079344031963494, -28.0, 8.0], [-0.23936952006639362, 42.39669550205056, -28.0, 8.0], [-0.18374008644020554, 43.702297655385124, -28.0, 8.0], [-0.08391582682885843, 44.994388094454294, -28.0, 8.0], [0.06586780128744935, 46.2712044217452, -28.0, 8.0], [0.2713753404285231, 47.53098423974497, -28.0, 8.0], [0.5383713331141656, 48.771965150940716, -28.0, 8.0], [0.8726203218641799, 49.992384757819565, -28.0, 8.0], [1.2946866349405877, 51.18579592309443, -28.0, 8.0], [1.8137326994866736, 52.349272974075795, -28.0, 8.0], [2.4184202063441433, 53.48633571014717, -28.0, 8.0], [3.097410846354693, 54.60050393069201, -28.0, 8.0], [3.839366310360031, 55.69529743509385, -28.0, 8.0], [4.632948289201853, 56.77423602273613, -28.0, 8.0], [5.466818473721862, 57.84083949300237, -28.0, 8.0], [6.329638554761755, 58.89862764527605, -28.0, 8.0], [7.210070223163245, 59.95112027894065, -28.0, 8.0], [8.096775169768025, 61.00183719337967, -28.0, 8.0], [8.978415085417792, 62.05429818797659, -28.0, 8.0], [9.843651660954258, 63.112023062114915, -28.0, 8.0], [10.681146587219114, 64.17853161517812, -28.0, 8.0], [11.479561555054072, 65.25734364654969, -28.0, 8.0], [12.227558255300828, 66.3519789556131, -28.0, 8.0], [12.91379837880108, 67.46595734175187, -28.0, 8.0], [13.526943616396537, 68.6027986043495, -28.0, 8.0], [14.055655658928895, 69.76602254278941, -28.0, 8.0], [14.488596197239856, 70.95914895645517, -28.0, 8.0], [14.817363334271214, 72.18548213577344, -28.0, 8.0], [15.048860257239369, 73.44342047032524, -28.0, 8.0], [15.19470628339797, 74.72912490822573, -28.0, 8.0], [15.266520730000648, 76.03875639758988, -28.0, 8.0], [15.275922914301042, 77.36847588653279, -28.0, 8.0], [15.234532153552783, 78.71444432316949, -28.0, 8.0], [15.153967765009504, 80.07282265561504, -28.0, 8.0], [15.045849065924852, 81.43977183198452, -28.0, 8.0], [14.921795373552452, 82.81145280039294, -28.0, 8.0], [14.793426005145948, 84.18402650895541, -28.0, 8.0], [14.672360277958965, 85.55365390578693, -28.0, 8.0], [14.570217509245145, 86.9164959390026, -28.0, 8.0], [14.498617016258125, 88.26871355671744, -28.0, 8.0], [14.46917811625154, 89.60646770704653, -28.0, 8.0], [14.493520126479025, 90.92591933810492, -28.0, 8.0], [14.583262364194216, 92.22322939800766, -28.0, 8.0], [14.750024146650752, 93.4945588348698, -28.0, 8.0], [15.005424791102262, 94.73606859680645, -28.0, 8.0], [15.361083614802382, 95.94391963193256, -28.0, 8.0], [15.797823316384054, 97.1329833018771, -28.0, 8.0], [16.286957174335242, 98.31937620865943, -28.0, 8.0], [16.825840375692152, 99.50112716098053, -28.0, 8.0], [17.411828107490965, 100.67626496754123, -28.0, 8.0], [18.042275556767887, 101.84281843704241, -28.0, 8.0], [18.71453791055911, 102.99881637818497, -28.0, 8.0], [19.425970355900812, 104.1422875996698, -28.0, 8.0], [20.17392807982921, 105.27126091019778, -28.0, 8.0], [20.955766269380483, 106.38376511846977, -28.0, 8.0], [21.768840111590826, 107.47782903318671, -28.0, 8.0], [22.610504793496435, 108.55148146304941, -28.0, 8.0], [23.478115502133512, 109.60275121675882, -28.0, 8.0], [24.36902742453824, 110.62966710301578, -28.0, 8.0], [25.280595747746812, 111.63025793052122, -28.0, 8.0], [26.210175658795436, 112.602552507976, -28.0, 8.0], [27.155122344720283, 113.54457964408101, -28.0, 8.0], [28.11279099255757, 114.45436814753714, -28.0, 8.0], [29.080536789343483, 115.32994682704526, -28.0, 8.0], [30.055714922114213, 116.16934449130625, -28.0, 8.0], [31.064440819815193, 116.9531840890262, -28.0, 8.0], [32.13016107587958, 117.66873080703466, -28.0, 8.0], [33.24622762407521, 118.32397681121788, -28.0, 8.0], [34.4059923981699, 118.92691426746195, -28.0, 8.0], [35.60280733193147, 119.48553534165313, -28.0, 8.0], [36.830024359127734, 120.00783219967755, -28.0, 8.0], [38.080995413526495, 120.50179700742143, -28.0, 8.0], [39.349072428895596, 120.97542193077092, -28.0, 8.0], [40.62760733900285, 121.4366991356122, -28.0, 8.0], [41.90995207761606, 121.89362078783144, -28.0, 8.0], [43.18945857850305, 122.35417905331482, -28.0, 8.0], [44.459478775431656, 122.82636609794858, -28.0, 8.0], [45.71336460216967, 123.31817408761881, -28.0, 8.0], [46.944467992484924, 123.83759518821176, -28.0, 8.0], [48.146140880145225, 124.39262156561357, -28.0, 8.0], [49.31173519891841, 124.99124538571044, -28.0, 8.0], [50.43460288257229, 125.64145881438856, -28.0, 8.0], [51.50809586487468, 126.3512540175341, -28.0, 8.0], [52.52556607959339, 127.12862316103318, -28.0, 8.0], [53.48776820123681, 127.971412855627, -28.0, 8.0], [54.40316838847548, 128.86847604639706, -28.0, 8.0], [55.276685801320575, 129.81431440074067, -28.0, 8.0], [56.113239599783185, 130.80342958605468, -28.0, 8.0], [56.917748943874486, 131.83032326973625, -28.0, 8.0], [57.695132993605554, 132.88949711918235, -28.0, 8.0], [58.45031090898756, 133.97545280179008, -28.0, 8.0], [59.18820185003159, 135.08269198495648, -28.0, 8.0], [59.91372497674884, 136.20571633607858, -28.0, 8.0], [60.63179944915037, 137.33902752255347, -28.0, 8.0], [61.34734442724735, 138.47712721177817, -28.0, 8.0], [62.065279071050895, 139.61451707114972, -28.0, 8.0], [62.79052254057215, 140.74569876806524, -28.0, 8.0], [63.52799399582223, 141.86517396992167, -28.0, 8.0], [64.28261259681227, 142.9674443441162, -28.0, 8.0], [65.05929750355338, 144.04701155804577, -28.0, 8.0], [65.86296787605673, 145.09837727910752, -28.0, 8.0], [66.69854287433343, 146.1160431746984, -28.0, 8.0], [67.5709416583946, 147.0945109122155, -28.0, 8.0], [68.51486069337409, 148.03504525404242, -28.0, 8.0], [69.55145600325163, 148.94514644659935, -28.0, 8.0], [70.66533608630736, 149.8286693833387, -28.0, 8.0], [71.8411094408213, 150.68946895771253, -28.0, 8.0], [73.06338456507355, 