{"control_nodes": [[-4.592425496802574e-15, -25.0, -28.0, 8.0], [0.0, 0.0, -28.0, 8.0], [0.43631016093208996, 24.996192378909782, -28.0, 8.0], [0.8726203218641799, 49.992384757819565, -28.0, 8.0], [-18.827648518303867, 65.38392164096102, -28.0, 8.0], [-27.378152101445586, 88.87623716060872, -28.0, 8.0], [-5.727517006834617, 101.37623716060872, -28.0, 8.0], [-7.906410575526072, 126.28110461290237, -28.0, 8.0], [-29.557045670137043, 138.78110461290237, -28.0, 8.0], [-51.83220877484624, 127.4313421194137, -28.0, 8.0], [-47.491004333172974, 102.8111482941085, -28.0, 8.0], [-42.72077944875935, 78.2704687079169, -28.0, 8.0]], "sample_nodes": [[0.0, 0.0, -28.0, 8.0], [0.012658656076029565, 1.3156790032662282, -28.0, 8.0], [0.02754370894935066, 2.6313385770619515, -28.0, 8.0], [0.044464324608766974, 3.9469803867703668, -28.0, 8.0], [0.06322966904308198, 5.262606097774648, -28.0, 8.0], [0.08364890824109937, 6.578217375457992, -28.0, 8.0], [0.10553120819162266, 7.893815885203578, -28.0, 8.0], [0.12868573488345536, 9.20940329239459, -28.0, 8.0], [0.15292165430540106, 10.524981262414212, -28.0, 8.0], [0.17804813244626355, 11.840551460645646, -28.0, 8.0], [0.20387433529484628, 13.156115552472063, -28.0, 8.0], [0.2302094288399526, 14.471675203276643, -28.0, 8.0], [0.2568625790703865, 15.78723207844259, -28.0, 8.0], [0.28364295197495115, 17.10278784335307, -28.0, 8.0], [0.31035971354245045, 18.418344163391282, -28.0, 8.0], [0.33682202976168785, 19.733902703940412, -28.0, 8.0], [0.36283906662146675, 21.049465130383634, -28.0, 8.0], [0.38821999011059116, 22.36503310810415, -28.0, 8.0], [0.41277396621786433, 23.68060830248514, -28.0, 8.0], [0.43631016093208996, 24.996192378909782, -28.0, 8.0], [0.48569595756518325, 26.324384148591715, -28.0, 8.0], [0.582054383447088, 27.67498071313182, -28.0, 8.0], [0.7165780705936535, 29.043781173494217, -28.0, 8.0], [0.8804596510207255, 30.426584630642964, -28.0, 8.0], [1.0648917567441538, 31.819190185542183, -28.0, 8.0], [1.261067019779785, 33.21739693915594, -28.0, 8.0], [1.4601780721434663, 34.61700399244833, -28.0, 8.0], [1.6534175458510463, 36.013810446383445, -28.0, 8.0], [1.831978072918373, 37.40361540192539, -28.0, 8.0], [1.987052285361294, 38.78221796003824, -28.0, 8.0], [2.1098328151956554, 40.145417221686074, -28.0, 8.0], [2.1915122944373073, 41.48901228783301, -28.0, 8.0], [2.2232833551020956, 42.80880225944311, -28.0, 8.0], [2.1963386292058686, 44.1005862374805, -28.0, 8.0], [2.1018707487644743, 45.36016332290923, -28.0, 8.0], [1.9310723457937622, 46.58333261669341, -28.0, 8.0], [1.6751360523095769, 47.76589321979714, -28.0, 8.0], [1.3252545003277667, 48.90364423318449, -28.0, 8.0], [0.8726203218641799, 49.992384757819565, -28.0, 8.0], [0.2967318336828581, 51.01868480117866, -28.0, 8.0], [-0.4079183557888718, 51.9770776568229, -28.0, 8.0], [-1.2276461770402438, 52.875307354843734, -28.0, 8.0], [-2.148767560560481, 53.7211179253325, -28.0, 8.0], [-3.157598436838819, 54.52225339838061, -28.0, 8.0], [-4.240454736364482, 55.28645780407943, -28.0, 8.0], [-5.383652389626697, 56.02147517252037, -28.0, 8.0], [-6.573507327114694, 56.73504953379481, -28.0, 8.0], [-7.79633547931771, 57.434924917994124, -28.0, 8.0], [-9.038452776724966, 58.12884535520972, -28.0, 8.0], [-10.286175149825686, 58.82455487553295, -28.0, 8.0], [-11.525818529109117, 59.52979750905524, -28.0, 8.0], [-12.743698845064461, 60.25231728586797, -28.0, 8.0], [-13.92613202818097, 60.999858236062494, -28.0, 8.0], [-15.05943400894786, 61.780164389730245, -28.0, 8.0], [-16.129920717854365, 62.600979776962575, -28.0, 8.0], [-17.123908085389715, 63.4700484278509, -28.0, 8.0], [-18.02771204204314, 64.39511437248657, -28.0, 8.0], [-18.827648518303867, 65.38392164096102, -28.0, 8.0], [-19.580645166977465, 66.44345373064695, -28.0, 8.0], [-20.347197207814368, 67.56996414087402, -28.0, 8.0], [-21.118971921721098, 68.75510190466925, -28.0, 8.0], [-21.88763658960417, 69.99051605505946, -28.0, 8.0], [-22.64485849237012, 71.26785562507158, -28.0, 8.0], [-23.38230491092545, 72.57876964773254, -28.0, 8.0], [-24.09164312617669, 73.9149071560692, -28.0, 8.0], [-24.764540419030354, 75.2679171831085, -28.0, 8.0], [-25.392664070392968, 76.62944876187733, -28.0, 8.0], [-25.967681361171053, 77.99115092540258, -28.0, 8.0], [-26.481259572271107, 79.34467270671118, -28.0, 8.0], [-26.925065984599687, 80.68166313883003, -28.0, 8.0], [-27.29076787906329, 81.993771254786, -28.0, 8.0], [-27.570032536568434, 83.27264608760605, -28.0, 8.0], [-27.754527238021645, 84.50993667031705, -28.0, 8.0], [-27.83591926432945, 85.69729203594589, -28.0, 8.0], [-27.805875896398366, 86.82636121751955, -28.0, 8.0], [-27.656064415134907, 87.88879324806484, -28.0, 8.0], [-27.378152101445586, 88.87623716060872, -28.0, 8.0], [-26.920685916676913, 89.77747805681989, -28.0, 8.0], [-26.253522645986937, 90.59369068033465, -28.0, 8.0], [-25.40029430599954, 91.33510852713148, -28.0, 8.0], [-24.3846329133386, 92.0119650931887, -28.0, 8.0], [-23.230170484627983, 92.6344938744848, -28.0, 8.0], [-21.96053903649158, 93.21292836699809, -28.0, 8.0], [-20.59937058555326, 93.75750206670702, -28.0, 8.0], [-19.170297148436894, 94.27844846958993, -28.0, 8.0], [-17.69695074176636, 94.7860010716253, -28.0, 8.0], [-16.20296338216554, 95.29039336879146, -28.0, 8.0], [-14.711967086258305, 95.80185885706679, -28.0, 8.0], [-13.247593870668524, 96.33063103242975, -28.0, 8.0], [-11.83347575202009, 96.88694339085873, -28.0, 8.0], [-10.493244746936867, 97.48102942833208, -28.0, 8.0], [-9.250532872042731, 98.12312264082823, -28.0, 8.0], [-8.128972143961569, 98.82345652432556, -28.0, 8.0], [-7.152194579317243, 99.59226457480253, -28.0, 8.0], [-6.343832194733634, 100.43978028823743, -28.0, 8.0], [-5.727517006834617, 101.37623716060872, -28.0, 8.0], [-5.25382569047791, 102.41031099499817, -28.0, 8.0], [-4.856309565665287, 103.5366210504208, -28.0, 8.0], [-4.533062616736717, 104.74431600675517, -28.0, 8.0], [-4.282178828032172, 106.0225445438796, -28.0, 8.0], [-4.101752183891618, 107.36045534167266, -28.0, 8.0], [-3.989876668655028, 108.74719708001268, -28.0, 8.0], [-3.944646266662369, 110.17191843877819, -28.0, 8.0], [-3.9641549622536116, 111.62376809784757, -28.0, 8.0], [-4.046496739768725, 113.09189473709931, -28.0, 8.0], [-4.189765583547679, 114.56544703641181, -28.0, 8.0], [-4.392055477930442, 116.03357367566352, -28.0, 8.0], [-4.651460407256987, 117.4854233347329, -28.0, 8.0], [-4.9660743558672795, 118.91014469349838, -28.0, 8.0], [-5.333991308101291, 120.29688643183843, -28.0, 8.0], [-5.753305248298993, 121.63479722963145, -28.0, 8.0], [-6.222110160800351, 122.91302576675591, -28.0, 8.0], [-6.738500029945337, 124.12072072309027, -28.0, 8.0], [-7.300568840073923, 125.24703077851295, -28.0, 8.0], [-7.906410575526072, 126.28110461290237, -28.0, 8.0], [-8.585202876133264, 127.26327933074943, -28.0, 8.0], [-9.361898443287414, 128.23778905939477, -28.0, 8.0], [-10.228253853669171, 129.19962801299158, -28.0, 8.0], [-11.176025683959175, 130.14379040569295, -28.0, 8.0], [-12.19697051083808, 131.06527045165208, -28.0, 8.0], [-13.282844910986519, 131.9590623650221, -28.0, 8.0], [-14.425405461085134, 132.8201603599561, -28.0, 8.0], [-15.616408737814577, 133.6435586506073, -28.0, 8.0], [-16.847611317855492, 134.4242514511288, -28.0, 8.0], [-18.110769777888517, 135.15723297567374, -28.0, 8.0], [-19.397640694594294, 135.83749743839527, -28.0, 8.0], [-20.699980644653483, 136.46003905344656, -28.0, 8.0], [-22.009546204746705, 137.01985203498072, -28.0, 8.0], [-23.318093951554616, 137.51193059715092, -28.0, 8.0], [-24.617380461757868, 137.93126895411027, -28.0, 8.0], [-25.899162312037078, 138.27286132001194, -28.0, 8.0], [-27.155196079072923, 138.53170190900914, -28.0, 8.0], [-28.377238339546032, 138.7027849352549, -28.0, 8.0], [-29.557045670137043, 138.78110461290237, -28.0, 8.0], [-30.74959672001043, 138.76445949638133, -28.0, 8.0], [-32.007422643931854, 138.65707013347404, -28.0, 8.0], [-33.318608776983794, 138.4635637283627, -28.0, 8.0], 