{"control_nodes": [[-4.592425496802574e-15, -25.0, -28.0, 8.0], [0.0, 0.0, -28.0, 8.0], [0.43631016093208996, 24.996192378909782, -28.0, 8.0], [0.8726203218641799, 49.992384757819565, -28.0, 8.0], [7.343096449427199, 74.14053041504627, -28.0, 8.0], [-11.80801462854725, 90.21022065720976, -28.0, 8.0], [-3.257511045405529, 113.70253617685746, -28.0, 8.0], [-6.736838569407163, 138.4592378953967, -28.0, 8.0], [-0.26636244184414437, 162.60738355262342, -28.0, 8.0], [-21.69554495939695, 175.48333542537478, -28.0, 8.0], [-19.516651390705498, 200.38820287766842, -28.0, 8.0], [-17.337757822014044, 225.29307032996206, -28.0, 8.0]], "sample_nodes": [[0.0, 0.0, -28.0, 8.0], [0.012658656076029565, 1.3156790032662282, -28.0, 8.0], [0.02754370894935066, 2.6313385770619515, -28.0, 8.0], [0.044464324608766974, 3.9469803867703668, -28.0, 8.0], [0.06322966904308198, 5.262606097774648, -28.0, 8.0], [0.08364890824109937, 6.578217375457992, -28.0, 8.0], [0.10553120819162266, 7.893815885203578, -28.0, 8.0], [0.12868573488345536, 9.20940329239459, -28.0, 8.0], [0.15292165430540106, 10.524981262414212, -28.0, 8.0], [0.17804813244626355, 11.840551460645646, -28.0, 8.0], [0.20387433529484628, 13.156115552472063, -28.0, 8.0], [0.2302094288399526, 14.471675203276643, -28.0, 8.0], [0.2568625790703865, 15.78723207844259, -28.0, 8.0], [0.28364295197495115, 17.10278784335307, -28.0, 8.0], [0.31035971354245045, 18.418344163391282, -28.0, 8.0], [0.33682202976168785, 19.733902703940412, -28.0, 8.0], [0.36283906662146675, 21.049465130383634, -28.0, 8.0], [0.38821999011059116, 22.36503310810415, -28.0, 8.0], [0.41277396621786433, 23.68060830248514, -28.0, 8.0], [0.43631016093208996, 24.996192378909782, -28.0, 8.0], [0.451356155158188, 26.312894211433708, -28.0, 8.0], [0.4523262410206621, 27.63157428386824, -28.0, 8.0], [0.44185965133769234, 28.951861676230163, -28.0, 8.0], [0.42259561892745745, 30.27338546853621, -28.0, 8.0], [0.39717337660813745, 31.595774740803165, -28.0, 8.0], [0.3682321571979113, 32.918658573047765, -28.0, 8.0], [0.33841119351495896, 34.241666045286784, -28.0, 8.0], [0.3103497183774595, 35.56442623753696, -28.0, 8.0], [0.2866869646035922, 36.8865682298151, -28.0, 8.0], [0.27006216501153685, 38.20772110213791, -28.0, 8.0], [0.26311455241947296, 39.52751393452216, -28.0, 8.0], [0.2684833596455796, 40.84557580698465, -28.0, 8.0], [0.28880781950803647, 42.16153579954208, -28.0, 8.0], [0.32672716482502295, 43.47502299221125, -28.0, 8.0], [0.3848806284147185, 44.7856664650089, -28.0, 8.0], [0.4659074430953022, 46.0930952979518, -28.0, 8.0], [0.5724468416849542, 47.3969385710567, -28.0, 8.0], [0.7071380570018536, 48.69682536434037, -28.0, 8.0], [0.8726203218641799, 49.992384757819565, -28.0, 8.0], [1.1042723528170706, 51.293969573376806, -28.0, 8.0], [1.4264829497592715, 52.61007161467862, -28.0, 8.0], [1.8254064705393764, 53.93752843441781, -28.0, 8.0], [2.287197273005975, 55.273177585287165, -28.0, 8.0], [2.7980097150076633, 56.6138566199795, -28.0, 8.0], [3.3439981543930313, 57.95640309118757, -28.0, 8.0], [3.9113169490106703, 59.29765455160418, -28.0, 8.0], [4.486120456709173, 60.63444855392214, -28.0, 8.0], [5.054563035337136, 61.963622650834225, -28.0, 8.0], [5.602799042743147, 63.28201439503323, -28.0, 8.0], [6.116982836775797, 64.58646133921194, -28.0, 8.0], [6.583268775283687, 65.87380103606316, -28.0, 8.0], [6.9878112161153965, 67.14087103827966, -28.0, 8.0], [7.316764517119529, 68.38450889855427, -28.0, 8.0], [7.556283036144672, 69.60155216957973, -28.0, 8.0], [7.692521131039417, 70.78883840404887, -28.0, 8.0], [7.71163315965236, 71.9432051546545, -28.0, 8.0], [7.5997734798320895, 73.06148997408935, -28.0, 8.0], [7.343096449427199, 74.14053041504627, -28.0, 8.0], [6.90394081394072, 75.16736586149094, -28.0, 8.0], [6.269424136498904, 76.13566391998296, -28.0, 8.0], [5.462869001385164, 77.05220447710613, -28.0, 8.0], [4.507597992882925, 77.92376741944405, -28.0, 8.0], [3.426933695275594, 78.75713263358051, -28.0, 8.0], [2.2441986928465956, 79.55908000609918, -28.0, 8.0], [0.9827155698793486, 80.33638942358377, -28.0, 8.0], [-0.3341930893427296, 81.09584077261798, -28.0, 8.0], [-1.683204700536231, 81.84421393978553, -28.0, 8.0], [-3.0409966794177317, 82.58828881167011, -28.0, 8.0], [-4.384246441703806, 83.33484527485544, -28.0, 8.0], [-5.689631403111054, 84.09066321592522, -28.0, 8.0], [-6.933828979356036, 84.86252252146318, -28.0, 8.0], [-8.093516586155353, 85.65720307805299, -28.0, 8.0], [-9.145371639225582, 86.48148477227836, -28.0, 8.0], [-10.066071554283297, 87.34214749072301, -28.0, 8.0], [-10.8322937470451, 88.24597111997068, -28.0, 8.0], [-11.420715633227555, 89.19973554660504, -28.0, 8.0], [-11.80801462854725, 90.21022065720976, -28.0, 8.0], [-11.996476693224663, 91.26968721674476, -28.0, 8.0], [-12.015521377693098, 92.36408039904245, -28.0, 8.0], [-11.882526482988391, 93.49070670399561, -28.0, 8.0], [-11.614869810146379, 94.64687263149702, -28.0, 8.0], [-11.22992916020289, 95.82988468143935, -28.0, 8.0], [-10.745082334193755, 97.03704935371533, -28.0, 8.0], [-10.177707133154813, 98.2656731482177, -28.0, 8.0], [-9.545181358121896, 99.5130625648392, -28.0, 8.0], [-8.864882810130831, 100.77652410347255, -28.0, 8.0], [-8.154189290217454, 102.05336426401044, -28.0, 8.0], [-7.430478599417601, 103.34088954634564, -28.0, 8.0], [-6.7111285387671, 104.63640645037087, -28.0, 8.0], [-6.013516909301794, 105.93722147597887, -28.0, 8.0], [-5.355021512057504, 107.24064112306235, -28.0, 8.0], [-4.753020148070068, 108.54397189151403, -28.0, 8.0], [-4.224890618375323, 109.84452028122664, -28.0, 8.0], [-3.7880107240090943, 111.13959279209294, -28.0, 8.0], [-3.4597582660072193, 112.42649592400566, -28.0, 8.0], [-3.257511045405529, 113.70253617685746, -28.0, 8.0], [-3.1695613194500623, 114.9764559553564, -28.0, 8.0], [-3.166207153660077, 116.25824720403199, -28.0, 8.0], [-3.237835061481251, 117.54709073250963, -28.0, 8.0], [-3.374831556359255, 118.84216735041437, -28.0, 8.0], [-3.5675831517397643, 120.14265786737157, -28.0, 8.0], [-3.8064763610684524, 121.44774309300634, -28.0, 8.0], [-4.081897697790991, 122.75660383694394, -28.0, 8.0], [-4.384233675353056, 124.06842090880961, -28.0, 8.0], [-4.703870807200323, 125.38237511822857, -28.0, 8.0], [-5.031195606778461, 126.69764727482604, -28.0, 8.0], [-5.356594587533145, 128.01341818822715, -28.0, 8.0], [-5.670454262910052, 129.32886866805728, -28.0, 8.0], [-5.963161146354851, 130.6431795239415, -28.0, 8.0], [-6.225101751313218, 131.95553156550514, -28.0, 8.0], [-6.4466625912308295, 133.26510560237335, -28.0, 8.0], [-6.618230179553354, 134.57108244417142, -28.0, 8.0], [-6.730191029726471, 135.87264290052454, -28.0, 8.0], [-6.772931655195849, 137.16896778105792, -28.0, 8.0], [-6.736838569407163, 138.4592378953967, -28.0, 8.0], [-6.594679272380946, 139.7593569226969, -28.0, 8.0], [-6.336666692642, 141.08266528348668, -28.0, 8.0], [-5.979355486392398, 142.42449889945019, -28.0, 8.0], [-5.53930030983422, 143.78019369227133, -28.0, 8.0], [-5.033055819169545, 145.14508558363417, -28.0, 8.0], [-4.477176670600438, 146.51451049522262, -28.0, 8.0], [-3.888217520328986, 147.88380434872067, -28.0, 8.0], [-3.2827330245572615, 149.24830306581242, -28.0, 8.0], [-2.6772778394873398, 150.6033425681818, -28.0, 8.0], [-2.0884066213212997, 151.94425877751274, -28.0, 8.0], [-1.5326740262612155, 153.26638761548935, -28.0, 8.0], [-1.0266347105091662, 154.56506500379555, -28.0, 8.0], [-0.5868433302672238, 155.83562686411537, -28.0, 8.0], [-0.22985454173746744, 157.07340911813276, -28.0, 8.0], [0.027776998878026427, 158.27374768753174, -28.0, 8.0], [0.16949663537718163, 159.43197849399635, -28.0, 8.0], [0.17874971155792257, 160.54343745921045, -28.0, 8.0], [0.03898157121817293, 161.60346050485816, -28.0, 8.0], [-0.26636244184414437, 162.60738355262345, -28.0, 8.0], [-0.7662403938931315, 163.53551502644362, -28.0, 8.0], [-1.4635548920798862, 164.37806705257023, -28.0, 8.0], [-2.3357774039369867, 165.1452311061591, -28.0, 8.0], [-3.3603793969969997, 