{"control_nodes": [[-4.592425496802574e-15, -25.0, -28.0, 8.0], [0.0, 0.0, -28.0, 8.0], [0.43631016093208996, 24.996192378909782, -28.0, 8.0], [0.8726203218641799, 49.992384757819565, -28.0, 8.0], [-19.606180785360618, 64.33179566659571, -28.0, 8.0], [-27.74538464678953, 87.96976005657864, -28.0, 8.0], [-45.11184390826446, 105.95325506504491, -28.0, 8.0], [-69.25998956549117, 99.4827789374819, -28.0, 8.0], [-89.98592887936721, 85.50295635071322, -28.0, 8.0], [-112.99855021567822, 75.73467813848137, -28.0, 8.0], [-136.33806087810825, 66.77547939984886, -28.0, 8.0], [-159.51765724227795, 57.410314564451056, -28.0, 8.0]], "sample_nodes": [[0.0, 0.0, -28.0, 8.0], [0.012658656076029565, 1.3156790032662282, -28.0, 8.0], [0.02754370894935066, 2.6313385770619515, -28.0, 8.0], [0.044464324608766974, 3.9469803867703668, -28.0, 8.0], [0.06322966904308198, 5.262606097774648, -28.0, 8.0], [0.08364890824109937, 6.578217375457992, -28.0, 8.0], [0.10553120819162266, 7.893815885203578, -28.0, 8.0], [0.12868573488345536, 9.20940329239459, -28.0, 8.0], [0.15292165430540106, 10.524981262414212, -28.0, 8.0], [0.17804813244626355, 11.840551460645646, -28.0, 8.0], [0.20387433529484628, 13.156115552472063, -28.0, 8.0], [0.2302094288399526, 14.471675203276643, -28.0, 8.0], [0.2568625790703865, 15.78723207844259, -28.0, 8.0], [0.28364295197495115, 17.10278784335307, -28.0, 8.0], [0.31035971354245045, 18.418344163391282, -28.0, 8.0], [0.33682202976168785, 19.733902703940412, -28.0, 8.0], [0.36283906662146675, 21.049465130383634, -28.0, 8.0], [0.38821999011059116, 22.36503310810415, -28.0, 8.0], [0.41277396621786433, 23.68060830248514, -28.0, 8.0], [0.43631016093208996, 24.996192378909782, -28.0, 8.0], [0.48671750449673457, 26.32576469003643, -28.0, 8.0], [0.5859135607440599, 27.68019609192296, -28.0, 8.0], [0.7247504460460643, 29.054825505051923, -28.0, 8.0], [0.8940802767747437, 30.444991849905804, -28.0, 8.0], [1.0847551693020971, 31.846034046967162, -28.0, 8.0], [1.2876272400001203, 33.25329101671848, -28.0, 8.0], [1.4935486052408105, 34.6621016796423, -28.0, 8.0], [1.693371381396166, 36.06780495622112, -28.0, 8.0], [1.8779476848381842, 37.46573976693749, -28.0, 8.0], [2.0381296319388618, 38.8512450322739, -28.0, 8.0], [2.1647693390701948, 40.21965967271287, -28.0, 8.0], [2.248718922604183, 41.566322608736954, -28.0, 8.0], [2.2808304989128216, 42.88657276082863, -28.0, 8.0], [2.25195618436811, 44.17574904947044, -28.0, 8.0], [2.152948095342042, 45.429190395144886, -28.0, 8.0], [1.9746583482066198, 46.64223571833451, -28.0, 8.0], [1.7079390593338368, 47.810223939521826, -28.0, 8.0], [1.3436423450956911, 48.92849397918933, -28.0, 8.0], [0.8726203218641799, 49.992384757819565, -28.0, 8.0], [0.2725830643224238, 50.98658784207368, -28.0, 8.0], [-0.4629640999576629, 51.90472091507921, -28.0, 8.0], [-1.3194761752709008, 52.75551207201828, -28.0, 8.0], [-2.2824081659121003, 53.547689408072955, -28.0, 8.0], [-3.337215076176084, 54.289981018425365, -28.0, 8.0], [-4.469351910357663, 54.9911149982576, -28.0, 8.0], [-5.66427367275165, 55.659819442751754, -28.0, 8.0], [-6.907435367652864, 56.30482244708992, -28.0, 8.0], [-8.18429199935613, 56.93485210645422, -28.0, 8.0], [-9.480298572156252, 57.55863651602674, -28.0, 8.0], [-10.780910090348044, 58.184903770989564, -28.0, 8.0], [-12.071581558226338, 58.822381966524816, -28.0, 8.0], [-13.337767980085925, 59.47979919781459, -28.0, 8.0], [-14.564924360221642, 60.16588356004097, -28.0, 8.0], [-15.738505702928297, 60.88936314838609, -28.0, 8.0], [-16.8439670125007, 61.65896605803201, -28.0, 8.0], [-17.866763293233685, 62.483420384160866, -28.0, 8.0], [-18.792349549422052, 63.371454221954735, -28.0, 8.0], [-19.606180785360618, 64.33179566659571, -28.0, 8.0], [-20.313896494530233, 65.36369969127307, -28.0, 8.0], [-20.937121463066568, 66.45624242158483, -28.0, 8.0], [-21.48528863424673, 67.60288368132632, -28.0, 8.0], [-21.96783095134778, 68.79708329429278, -28.0, 8.0], [-22.39418135764683, 70.03230108427952, -28.0, 8.0], [-22.773772796420946, 71.3019968750818, -28.0, 8.0], [-23.11603821094721, 72.59963049049489, -28.0, 8.0], [-23.43041054450272, 73.91866175431409, -28.0, 8.0], [-23.726322740364566, 75.25255049033471, -28.0, 8.0], [-24.013207741809815, 76.59475652235196, -28.0, 8.0], [-24.30049849211555, 77.93873967416116, -28.0, 8.0], [-24.59762793455888, 79.27795976955761, -28.0, 8.0], [-24.914029012416865, 80.60587663233655, -28.0, 8.0], [-25.259134668966606, 81.91595008629328, -28.0, 8.0], [-25.64237784748518, 83.20163995522309, -28.0, 8.0], [-26.073191491249673, 84.45640606292125, -28.0, 8.0], [-26.56100854353717, 85.67370823318304, -28.0, 8.0], [-27.11526194762477, 86.84700628980374, -28.0, 8.0], [-27.74538464678953, 87.96976005657864, -28.0, 8.0], [-28.432575380281772, 89.08189760987888, -28.0, 8.0], [-29.15103116067144, 90.22222544016164, -28.0, 8.0], [-29.899682341215183, 91.38252099235142, -28.0, 8.0], [-30.677459275169596, 92.55456171137253, -28.0, 8.0], [-31.483292315791303, 93.73012504214941, -28.0, 8.0], [-32.316111816336914, 94.90098842960644, -28.0, 8.0], [-33.174848130063026, 96.05892931866804, -28.0, 8.0], [-34.058431610226286, 97.19572515425862, -28.0, 8.0], [-34.965792610083284, 98.30315338130255, -28.0, 8.0], [-35.89586148289065, 99.37299144472425, -28.0, 8.0], [-36.84756858190498, 100.39701678944809, -28.0, 8.0], [-37.81984426038291, 101.36700686039852, -28.0, 8.0], [-38.81161887158103, 102.27473910249991, -28.0, 8.0], [-39.82182276875598, 103.11199096067665, -28.0, 8.0], [-40.84938630516435, 103.87053987985314, -28.0, 8.0], [-41.89323983406277, 104.54216330495386, -28.0, 8.0], [-42.95231370870786, 105.1186386809031, -28.0, 8.0], [-44.025538282356216, 105.59174345262535, -28.0, 8.0], [-45.11184390826446, 105.95325506504491, -28.0, 8.0], [-46.227115411871004, 106.20012568177029, -28.0, 8.0], [-47.384975386879304, 106.33973001384574, -28.0, 8.0], [-48.580960838943724, 106.37947932734951, -28.0, 8.0], [-49.810608773718485, 106.32678488835978, -28.0, 8.0], [-51.06945619685787, 106.18905796295482, -28.0, 8.0], [-52.35304011401617, 105.9737098172128, -28.0, 8.0], [-53.65689753084765, 105.68815171721192, -28.0, 8.0], [-54.976565453006586, 105.33979492903042, -28.0, 8.0], [-56.30758088614729, 104.93605071874651, -28.0, 8.0], [-57.645480835924005, 104.4843303524384, -28.0, 8.0], [-58.985802307990994, 103.99204509618431, -28.0, 8.0], [-60.3240823080026, 103.46660621606244, -28.0, 8.0], [-61.65585784161303, 102.91542497815104, -28.0, 8.0], [-62.9766659144766, 102.34591264852827, -28.0, 8.0], [-64.28204353224757, 101.76548049327238, -28.0, 8.0], [-65.56752770058026, 101.18153977846161, -28.0, 8.0], [-66.82865542512887, 100.60150177017412, -28.0, 8.0], [-68.06096371154779, 100.03277773448815, -28.0, 8.0], [-69.25998956549117, 99.4827789374819, -28.0, 8.0], [-70.42865575323431, 98.91883292103591, -28.0, 8.0], [-71.57452501221576, 98.30674405052011, -28.0, 8.0], [-72.70009430483495, 97.65163882724684, -28.0, 8.0], [-73.80786059349124, 96.95864375252842, -28.0, 8.0], [-74.90032084058403, 96.23288532767717, -28.0, 8.0], [-75.97997200851268, 95.4794900540054, -28.0, 8.0], [-77.04931105967655, 94.70358443282544, -28.0, 8.0], [-78.11083495647506, 93.91029496544962, -28.0, 8.0], [-79.1670406613076, 93.10474815319029, -28.0, 8.0], [-80.22042513657351, 92.2920704973597, -28.0, 8.0], [-81.2734853446722, 91.47738849927023, -28.0, 8.0], [-82.32871824800303, 90.66582866023418, -28.0, 8.0], [-83.3886208089654, 89.86251748156391, -28.0, 8.0], [-84.45568998995869, 89.07258146457171, -28.0, 8.0], [-85.53242275338226, 88.3011471105699, -28.0, 8.0], [-86.62131606163553, 87.55334092087084, -28.0, 8.0], [-87.72486687711788, 86.83428939678682, -28.0, 8.0], [-88.84557216222863, 86.14911903963018, -28.0, 8.0], [-89.98592887936721, 85.50295635071322, -28.0, 8.0], [-91.14268231439254, 84.88830401968056, -28.0, 8.0], [-92.31034166012894, 84.29325495173742, -28.0, 8.0], [-93.48804973942397, 83.7163209715372, -28.0, 8.0], [-94.67494937512505, 83.15601390373314, 