{"control_nodes": [[-4.592425496802574e-15, -25.0, -28.0, 8.0], [0.0, 0.0, -28.0, 8.0], [0.43631016093208996, 24.996192378909782, -28.0, 8.0], [0.8726203218641799, 49.992384757819565, -28.0, 8.0], [-22.14000101444683, 59.76066297005141, -28.0, 8.0], [-39.50646027592176, 41.777167961585135, -28.0, 8.0], [-49.2747384881536, 18.76454662527413, -28.0, 8.0], [-73.72842850649874, 23.962338895718116, -28.0, 8.0], [-95.80211832797191, 12.225549826070845, -28.0, 8.0], [-113.4797878576356, 29.903219355734528, -28.0, 8.0], [-138.02046744382721, 25.13299447132091, -28.0, 8.0], [-162.56114703001882, 20.362769586907284, -28.0, 8.0]], "sample_nodes": [[0.0, 0.0, -28.0, 8.0], [0.012658656076029565, 1.3156790032662282, -28.0, 8.0], [0.02754370894935066, 2.6313385770619515, -28.0, 8.0], [0.044464324608766974, 3.9469803867703668, -28.0, 8.0], [0.06322966904308198, 5.262606097774648, -28.0, 8.0], [0.08364890824109937, 6.578217375457992, -28.0, 8.0], [0.10553120819162266, 7.893815885203578, -28.0, 8.0], [0.12868573488345536, 9.20940329239459, -28.0, 8.0], [0.15292165430540106, 10.524981262414212, -28.0, 8.0], [0.17804813244626355, 11.840551460645646, -28.0, 8.0], [0.20387433529484628, 13.156115552472063, -28.0, 8.0], [0.2302094288399526, 14.471675203276643, -28.0, 8.0], [0.2568625790703865, 15.78723207844259, -28.0, 8.0], [0.28364295197495115, 17.10278784335307, -28.0, 8.0], [0.31035971354245045, 18.418344163391282, -28.0, 8.0], [0.33682202976168785, 19.733902703940412, -28.0, 8.0], [0.36283906662146675, 21.049465130383634, -28.0, 8.0], [0.38821999011059116, 22.36503310810415, -28.0, 8.0], [0.41277396621786433, 23.68060830248514, -28.0, 8.0], [0.43631016093208996, 24.996192378909782, -28.0, 8.0], [0.49004224309737254, 26.331762677245774, -28.0, 8.0], [0.59847368434647, 27.70285515471382, -28.0, 8.0], [0.7513483548511682, 29.102809402726685, -28.0, 8.0], [0.93841012478325, 30.524965012697077, -28.0, 8.0], [1.1494028643145024, 31.96266157603776, -28.0, 8.0], [1.3740704436167082, 33.40923868416145, -28.0, 8.0], [1.6021567328616513, 34.8580359284809, -28.0, 8.0], [1.8234056022211182, 36.30239290040884, -28.0, 8.0], [2.0275609218668933, 37.73564919135802, -28.0, 8.0], [2.204366561970761, 39.15114439274116, -28.0, 8.0], [2.3435663927045045, 40.542218095970995, -28.0, 8.0], [2.4349042842399102, 41.902209892460284, -28.0, 8.0], [2.4681241067487614, 43.22445937362174, -28.0, 8.0], [2.4329697304028444, 44.50230613086812, -28.0, 8.0], [2.3191850253739412, 45.72908975561215, -28.0, 8.0], [2.11651386183384, 46.898149839266566, -28.0, 8.0], [1.8147001099543234, 48.00282597324412, -28.0, 8.0], [1.403487639907175, 49.03645774895754, -28.0, 8.0], [0.8726203218641799, 49.992384757819565, -28.0, 8.0], [0.20785215470738963, 50.90258106757374, -28.0, 8.0], [-0.5897416715251942, 51.79980921516102, -28.0, 8.0], [-1.5074354999278712, 52.67859149579036, -28.0, 8.0], [-2.532503673594929, 53.53345020467064, -28.0, 8.0], [-3.6522205356206685, 54.35890763701083, -28.0, 8.0], [-4.853860429099379, 55.149486088019785, -28.0, 8.0], [-6.124697697125353, 55.89970785290643, -28.0, 8.0], [-7.452006682792886, 56.6040952268797, -28.0, 8.0], [-8.82306172919628, 57.257170505148494, -28.0, 8.0], [-10.225137179429819, 57.85345598292172, -28.0, 8.0], [-11.645507376587792, 58.38747395540831, -28.0, 8.0], [-13.071446663764519, 58.85374671781716, -28.0, 8.0], [-14.490229384054258, 59.24679656535721, -28.0, 8.0], [-15.889129880551327, 59.56114579323733, -28.0, 8.0], [-17.25542249635002, 59.79131669666647, -28.0, 8.0], [-18.576381574544612, 59.93183157085355, -28.0, 8.0], [-19.83928145822942, 59.97721271100744, -28.0, 8.0], [-21.031396490498736, 59.92198241233711, -28.0, 8.0], [-22.14000101444683, 59.76066297005141, -28.0, 8.0], [-23.197349560730416, 59.47622029628664, -28.0, 8.0], [-24.243611246563283, 59.061897750604814, -28.0, 8.0], [-25.277932294875455, 58.52763379935363, -28.0, 8.0], [-26.29945892859688, 57.88336690888071, -28.0, 8.0], [-27.30733737065757, 57.139035545533744, -28.0, 8.0], [-28.30071384398751, 56.304578175660346, -28.0, 8.0], [-29.278734571516665, 55.38993326560819, -28.0, 8.0], [-30.24054577617504, 54.40503928172493, -28.0, 8.0], [-31.18529368089263, 53.35983469035823, -28.0, 8.0], [-32.11212450859941, 52.264257957855705, -28.0, 8.0], [-33.020184482225346, 51.12824755056504, -28.0, 8.0], [-33.90861982470047, 49.961741934833896, -28.0, 8.0], [-34.77657675895474, 48.77467957700992, -28.0, 8.0], [-35.62320150791814, 47.576998943440756, -28.0, 8.0], [-36.447640294520674, 46.37863850047407, -28.0, 8.0], [-37.249039341692296, 45.18953671445751, -28.0, 8.0], [-38.02654487236305, 44.01963205173874, -28.0, 8.0], [-38.77930310946288, 42.878862978665396, -28.0, 8.0], [-39.50646027592176, 41.777167961585135, -28.0, 8.0], [-40.18076922158995, 40.64774216194114, -28.0, 8.0], [-40.78204960250797, 39.426847337777126, -28.0, 8.0], [-41.32004785089133, 38.12902185034169, -28.0, 8.0], [-41.804510398955514, 36.76880406088334, -28.0, 8.0], [-42.24518367891604, 35.360732330650656, -28.0, 8.0], [-42.65181412298837, 33.919345020892166, -28.0, 8.0], [-43.03414816338801, 32.45918049285643, -28.0, 8.0], [-43.401932232330466, 30.99477710779201, -28.0, 8.0], [-43.764912762031216, 29.540673226947426, -28.0, 8.0], [-44.13283618470576, 28.111407211571233, -28.0, 8.0], [-44.51544893256958, 26.721517422911997, -28.0, 8.0], [-44.922497437838175, 25.38554222221825, -28.0, 8.0], [-45.36372813272704, 24.11801997073856, -28.0, 8.0], [-45.84888744945168, 22.933489029721464, -28.0, 8.0], [-46.38772182022758, 21.846487760415506, -28.0, 8.0], [-46.989977677270225, 20.871554524069253, -28.0, 8.0], [-47.66540145279511, 20.02322768193124, -28.0, 8.0], [-48.42373957901775, 19.316045595250014, -28.0, 8.0], [-49.2747384881536, 18.76454662527413, -28.0, 8.0], [-50.218048793708945, 18.39404469166818, -28.0, 8.0], [-51.241847423562845, 18.20699774824708, -28.0, 8.0], [-52.3386702814901, 18.183660207484873, -28.0, 8.0], [-53.50105327126543, 18.304286481855602, -28.0, 8.0], [-54.7215322966636, 18.549130983833308, -28.0, 8.0], [-55.99264326145936, 18.89844812589204, -28.0, 8.0], [-57.30692206942746, 19.332492320505835, -28.0, 8.0], [-58.65690462434267, 19.831517980148735, -28.0, 8.0], [-60.03512682997976, 20.37577951729479, -28.0, 8.0], [-61.43412459011344, 20.945531344418043, -28.0, 8.0], [-62.846433808518476, 21.521027873992523, -28.0, 8.0], [-64.26459038896967, 22.08252351849229, -28.0, 8.0], [-65.68113023524172, 22.610272690391376, -28.0, 8.0], [-67.08858925110938, 23.084529802163832, -28.0, 8.0], [-68.47950334034746, 23.485549266283698, -28.0, 8.0], [-69.84640840673067, 23.793585495225017, -28.0, 8.0], [-71.18184035403381, 23.98889290146183, -28.0, 8.0], [-72.47833508603158, 24.051725897468188, -28.0, 8.0], [-73.72842850649874, 23.962338895718116, -28.0, 8.0], [-74.95218214989741, 23.70598829002608, -28.0, 8.0], [-76.1740457681872, 23.294609008945184, -28.0, 8.0], [-77.39313759138932, 22.74847326705747, -28.0, 8.0], [-78.60857584952495, 22.087853278944984, -28.0, 8.0], [-79.81947877261523, 21.333021259189753, -28.0, 8.0], [-81.02496459068134, 20.504249422373825, -28.0, 8.0], [-82.22415153374442, 19.621809983079235, -28.0, 8.0], [-83.41615783182567, 18.705975155888027, -28.0, 8.0], [-84.60010171494628, 17.777017155382232, -28.0, 8.0], [-85.77510141312735, 16.85520819614389, -28.0, 8.0], [-86.94027515639007, 15.960820492755046, -28.0, 8.0], [-88.09474117475565, 15.114126259797736, -28.0, 8.0], [-89.23761769824522, 14.335397711854004, -28.0, 8.0], [-90.36802295687994, 13.644907063505883, -28.0, 8.0], [-91.485075180681, 13.062926529335412, -28.0, 8.0], [-92.58789259966956, 12.609728323924637, -28.0, 8.0], [-93.67559344386679, 12.30558466185559, -28.0, 8.0], [-94.74729594329386, 12.170767757710315, -28.0, 8.0], [-95.80211832797191, 12.225549826070845, -28.0, 8.0], [-96.82734458500255, 12.490679940788285, -28.0, 8.0], [-97.81412954284697, 12.95826994201995, -28.0, 8.0], [-98.76739769356611, 13.605636193807241, -28.0, 8.0], [-99.69207352922068, 