{"control_nodes": [[-4.592425496802574e-15, -25.0, -28.0, 8.0], [0.0, 0.0, -28.0, 8.0], [0.43631016093208996, 24.996192378909782, -28.0, 8.0], [0.8726203218641799, 49.992384757819565, -28.0, 8.0], [17.922579323426643, 68.27622729829883, -28.0, 8.0], [41.69899223080548, 60.55080243892515, -28.0, 8.0], [66.68376290628288, 61.42328985648768, -28.0, 8.0], [84.36143243594657, 79.10095938615137, -28.0, 8.0], [107.70094309837661, 70.14176064751886, -28.0, 8.0], [128.6677072970122, 56.52578477214319, -28.0, 8.0], [119.30254246161441, 33.3461884079735, -28.0, 8.0], [109.9373776262166, 10.166592043803814, -28.0, 8.0]], "sample_nodes": [[0.0, 0.0, -28.0, 8.0], [0.012658656076029565, 1.3156790032662282, -28.0, 8.0], [0.02754370894935066, 2.6313385770619515, -28.0, 8.0], [0.044464324608766974, 3.9469803867703668, -28.0, 8.0], [0.06322966904308198, 5.262606097774648, -28.0, 8.0], [0.08364890824109937, 6.578217375457992, -28.0, 8.0], [0.10553120819162266, 7.893815885203578, -28.0, 8.0], [0.12868573488345536, 9.20940329239459, -28.0, 8.0], [0.15292165430540106, 10.524981262414212, -28.0, 8.0], [0.17804813244626355, 11.840551460645646, -28.0, 8.0], [0.20387433529484628, 13.156115552472063, -28.0, 8.0], [0.2302094288399526, 14.471675203276643, -28.0, 8.0], [0.2568625790703865, 15.78723207844259, -28.0, 8.0], [0.28364295197495115, 17.10278784335307, -28.0, 8.0], [0.31035971354245045, 18.418344163391282, -28.0, 8.0], [0.33682202976168785, 19.733902703940412, -28.0, 8.0], [0.36283906662146675, 21.049465130383634, -28.0, 8.0], [0.38821999011059116, 22.36503310810415, -28.0, 8.0], [0.41277396621786433, 23.68060830248514, -28.0, 8.0], [0.43631016093208996, 24.996192378909782, -28.0, 8.0], [0.43747434354337605, 26.32058902526236, -28.0, 8.0], [0.3998838415869282, 27.66064358055426, -28.0, 8.0], [0.33080515841919683, 29.01342018685938, -28.0, 8.0], [0.23750479739663194, 30.375982986251575, -28.0, 8.0], [0.1272492618756832, 31.74539612080474, -28.0, 8.0], [0.007305055212801004, 33.11872373259273, -28.0, 8.0], [-0.11506131923556384, 34.49302996368943, -28.0, 8.0], [-0.23258335811296227, 35.865378956168705, -28.0, 8.0], [-0.33799455806294443, 37.23283485210445, -28.0, 8.0], [-0.4240284157290596, 38.592461793570536, -28.0, 8.0], [-0.4834184277548572, 39.941323922640805, -28.0, 8.0], [-0.5088980907838883, 41.27648538138918, -28.0, 8.0], [-0.4932009014597019, 42.595010311889496, -28.0, 8.0], [-0.4290603564258486, 43.893962856215666, -28.0, 8.0], [-0.3092099523258775, 45.17040715644151, -28.0, 8.0], [-0.12638318580334046, 46.42140735464096, -28.0, 8.0], [0.1266864464982152, 47.64402759288787, -28.0, 8.0], [0.4572654479352387, 48.835332013256114, -28.0, 8.0], [0.8726203218641799, 49.992384757819565, -28.0, 8.0], [1.3687693235013845, 51.14735650844466, -28.0, 8.0], [1.934003388111178, 52.328748441902874, -28.0, 8.0], [2.563998039121988, 53.52812044262576, -28.0, 8.0], [3.2544287999622346, 54.73703239504483, -28.0, 8.0], [4.000971194060345, 55.947044183591586, -28.0, 8.0], [4.799300744844742, 57.14971569269753, -28.0, 8.0], [5.645092975743845, 58.33660680679418, -28.0, 8.0], [6.53402341018608, 59.49927741031304, -28.0, 8.0], [7.461767571599877, 60.62928738768562, -28.0, 8.0], [8.424000983413652, 61.71819662334346, -28.0, 8.0], [9.416399169055826, 62.75756500171802, -28.0, 8.0], [10.434637651954837, 63.73895240724086, -28.0, 8.0], [11.47439195553909, 64.65391872434346, -28.0, 8.0], [12.531337603237024, 65.49402383745733, -28.0, 8.0], [13.601150118477058, 66.250827631014, -28.0, 8.0], [14.679505024687606, 66.91588998944498, -28.0, 8.0], [15.762077845297108, 67.48077079718179, -28.0, 8.0], [16.84454410373398, 67.93702993865591, -28.0, 8.0], [17.922579323426643, 68.27622729829883, -28.0, 8.0], [19.013514489909895, 68.47264685421806, -28.0, 8.0], [20.135954564165992, 68.51629035598565, -28.0, 8.0], [21.28748603279458, 68.42229434523023, -28.0, 8.0], [22.46569538239527, 68.20579536358034, -28.0, 8.0], [23.668169099567702, 67.88192995266458, -28.0, 8.0], [24.892493670911495, 67.46583465411149, -28.0, 8.0], [26.13625558302628, 66.97264600954965, -28.0, 8.0], [27.397041322511676, 66.41750056060765, -28.0, 8.0], [28.672437375967327, 65.81553484891401, -28.0, 8.0], [29.960030229992853, 65.18188541609737, -28.0, 8.0], [31.25740637118787, 64.53168880378625, -28.0, 8.0], [32.56215228615204, 63.880081553609244, -28.0, 8.0], [33.871854461484936, 63.24220020719491, -28.0, 8.0], [35.18409938378624, 62.633181306171835, -28.0, 8.0], [36.496473539655554, 62.068161392168584, -28.0, 8.0], [37.806563415692494, 61.56227700681371, -28.0, 8.0], [39.11195549849673, 61.13066469173582, -28.0, 8.0], [40.410236274667845, 60.78846098856343, -28.0, 8.0], [41.69899223080548, 60.55080243892515, -28.0, 8.0], [42.995028411841744, 60.37160132066703, -28.0, 8.0], [44.31427586860572, 60.19707202277616, -28.0, 8.0], [45.65301009654259, 60.030804253592805, -28.0, 8.0], [47.007506591097446, 59.87638772145713, -28.0, 8.0], [48.37404084771549, 59.737412134709366, -28.0, 8.0], [49.74888836184186, 59.617467201689706, -28.0, 8.0], [51.12832462892166, 59.52014263073837, -28.0, 8.0], [52.508625144400085, 59.449028130195586, -28.0, 8.0], [53.886065403722284, 59.40771340840152, -28.0, 8.0], [55.256920902333356, 59.39978817369641, -28.0, 8.0], [56.617467135678474, 59.428842134420464, -28.0, 8.0], [57.96397959920281, 59.498464998913875, -28.0, 8.0], [59.29273378835147, 59.61224647551686, -28.0, 8.0], [60.60000519856961, 59.77377627256965, -28.0, 8.0], [61.8820693253024, 59.98664409841241, -28.0, 8.0], [63.13520166399498, 60.2544396613854, -28.0, 8.0], [64.3556777100925, 60.580752669828804, -28.0, 8.0], [65.53977295904008, 60.96917283208283, -28.0, 8.0], [66.68376290628288, 61.42328985648768, -28.0, 8.0], [67.77932093451373, 61.991730009930286, -28.0, 8.0], [68.82438501344765, 62.708059253067645, -28.0, 8.0], [69.82462751906304, 63.55327683489508, -28.0, 8.0], [70.78572082733821, 64.50838200440784, -28.0, 8.0], [71.71333731425159, 65.55437401060128, -28.0, 8.0], [72.6131493557816, 66.6722521024707, -28.0, 8.0], [73.49082932790658, 67.84301552901141, -28.0, 8.0], [74.35204960660491, 69.04766353921869, -28.0, 8.0], [75.20248256785497, 70.26719538208786, -28.0, 8.0], [76.04780058763521, 71.48261030661425, -28.0, 8.0], [76.89367604192392, 72.67490756179316, -28.0, 8.0], [77.74578130669956, 73.82508639661985, -28.0, 8.0], [78.60978875794048, 74.91414606008968, -28.0, 8.0], [79.49137077162507, 75.92308580119794, -28.0, 8.0], [80.39619972373173, 76.83290486893993, -28.0, 8.0], [81.32994799023881, 77.62460251231096, -28.0, 8.0], [82.29828794712472, 78.27917798030633, -28.0, 8.0], [83.30689197036787, 78.77763052192137, -28.0, 8.0], [84.36143243594657, 79.10095938615137, -28.0, 8.0], [85.4592163408603, 79.26465860018378, -28.0, 8.0], [86.59142631124529, 79.30329848265148, -28.0, 8.0], [87.75454816678527, 79.22649271971783, -28.0, 8.0], [88.94506772716385, 79.04385499754619, -28.0, 8.0], [90.15947081206475, 78.76499900230002, -28.0, 8.0], [91.39424324117165, 78.39953842014263, -28.0, 8.0], [92.64587083416816, 77.95708693723746, -28.0, 8.0], [93.91083941073802, 77.44725823974787, -28.0, 8.0], [95.1856347905649, 76.87966601383724, -28.0, 8.0], [96.46674279333243, 76.26392394566895, -28.0, 8.0], [97.75064923872428, 75.60964572140641, -28.0, 8.0], [99.0338399464242, 74.92644502721299, -28.0, 8.0], [100.3128007361158, 74.22393554925209, -28.0, 8.0], [101.58401742748273, 73.51173097368705, -28.0, 8.0], [102.84397584020871, 72.79944498668132, -28.0, 8.0], [104.08916179397742, 72.09669127439825, -28.0, 8.0], [105.31606110847257, 71.41308352300123, -28.0, 8.0], [106.52115960337773, 70.75823541865364, -28.0, 8.0], [107.70094309837661, 70.14176064751886, -28.0, 8.0], [108.90029783873942, 69.54766576335805, -28.0, 8.0], [110.15830030301409, 68.95211742068061, -28.0, 8.0], [111.46272166080114, 68.35296945677251, -28.0, 8.0], [112.8013330817009, 67.74807570891953, -28.0, 8.0], [114.16190573531382, 67.13529001440763, -28.0, 8.0], [115.53221079124036, 