{"control_nodes": [[-4.592425496802574e-15, -25.0, -28.0, 8.0], [0.0, 0.0, -28.0, 8.0], [0.43631016093208996, 24.996192378909782, -28.0, 8.0], [0.8726203218641799, 49.992384757819565, -28.0, 8.0], [8.181912939932598, 73.90000365689545, -28.0, 8.0], [-6.157497968843556, 94.37880476412025, -28.0, 8.0], [-31.096599225339162, 96.12271660772339, -28.0, 8.0], [-43.97255109809052, 117.5518991252762, -28.0, 8.0], [-38.3487747394939, 141.91115074490708, -28.0, 8.0], [-38.3487747394939, 166.91115074490708, -28.0, 8.0], [-46.89927832263562, 190.4034662645548, -28.0, 8.0], [-55.449781905777336, 213.8957817842025, -28.0, 8.0]], "sample_nodes": [[0.0, 0.0, -28.0, 8.0], [0.012658656076029565, 1.3156790032662282, -28.0, 8.0], [0.02754370894935066, 2.6313385770619515, -28.0, 8.0], [0.044464324608766974, 3.9469803867703668, -28.0, 8.0], [0.06322966904308198, 5.262606097774648, -28.0, 8.0], [0.08364890824109937, 6.578217375457992, -28.0, 8.0], [0.10553120819162266, 7.893815885203578, -28.0, 8.0], [0.12868573488345536, 9.20940329239459, -28.0, 8.0], [0.15292165430540106, 10.524981262414212, -28.0, 8.0], [0.17804813244626355, 11.840551460645646, -28.0, 8.0], [0.20387433529484628, 13.156115552472063, -28.0, 8.0], [0.2302094288399526, 14.471675203276643, -28.0, 8.0], [0.2568625790703865, 15.78723207844259, -28.0, 8.0], [0.28364295197495115, 17.10278784335307, -28.0, 8.0], [0.31035971354245045, 18.418344163391282, -28.0, 8.0], [0.33682202976168785, 19.733902703940412, -28.0, 8.0], [0.36283906662146675, 21.049465130383634, -28.0, 8.0], [0.38821999011059116, 22.36503310810415, -28.0, 8.0], [0.41277396621786433, 23.68060830248514, -28.0, 8.0], [0.43631016093208996, 24.996192378909782, -28.0, 8.0], [0.45025550660671565, 26.313209817327184, -28.0, 8.0], [0.4481682353817667, 27.632766572799152, -28.0, 8.0], [0.4330544629259138, 28.954386523377977, -28.0, 8.0], [0.40792030490782666, 30.2775935471159, -28.0, 8.0], [0.37577187699617576, 31.601911522065215, -28.0, 8.0], [0.33961529485963116, 32.926864326278164, -28.0, 8.0], [0.3024566741668634, 34.251975837807024, -28.0, 8.0], [0.2673021305865424, 35.57676993470406, -28.0, 8.0], [0.23715777978733815, 36.90077049502155, -28.0, 8.0], [0.21502973743792128, 38.22350139681175, -28.0, 8.0], [0.2039241192069619, 39.54448651812692, -28.0, 8.0], [0.20684704076313004, 40.863249737019345, -28.0, 8.0], [0.22680461777509608, 42.17931493154127, -28.0, 8.0], [0.26680296591153035, 43.49220597974498, -28.0, 8.0], [0.3298482008411029, 44.80144675968273, -28.0, 8.0], [0.4189464382324834, 46.1065611494068, -28.0, 8.0], [0.5371037937543431, 47.40707302696946, -28.0, 8.0], [0.6873263830753519, 48.70250627042296, -28.0, 8.0], [0.8726203218641799, 49.992384757819565, -28.0, 8.0], [1.1233959172582926, 51.28089017937172, -28.0, 8.0], [1.4597428266091446, 52.57183925347895, -28.0, 8.0], [1.8691861909063956, 53.86420840047428, -28.0, 8.0], [2.3392511511397, 55.15697404069068, -28.0, 8.0], [2.8574628482987174, 56.449112594461134, -28.0, 8.0], [3.4113464233731046, 57.73960048211863, -28.0, 8.0], [3.9884270173525147, 59.02741412399615, -28.0, 8.0], [4.576229771226608, 60.3115299404267, -28.0, 8.0], [5.162279825985043, 61.59092435174324, -28.0, 8.0], [5.734102322617473, 62.86457377827877, -28.0, 8.0], [6.279222402113556, 64.13145464036626, -28.0, 8.0], [6.785165205462953, 65.39054335833872, -28.0, 8.0], [7.239455873655313, 66.6408163525291, -28.0, 8.0], [7.6296195476803, 67.88125004327043, -28.0, 8.0], [7.943181368527569, 69.11082085089566, -28.0, 8.0], [8.167666477186774, 70.32850519573779, -28.0, 8.0], [8.290600014647579, 71.53327949812983, -28.0, 8.0], [8.299507121899634, 72.72412017840472, -28.0, 8.0], [8.181912939932598, 73.90000365689545, -28.0, 8.0], [7.952427569821811, 75.0834020656082, -28.0, 8.0], [7.637199441601086, 76.29300686089374, -28.0, 8.0], [7.2410611896978025, 77.52212344960226, -28.0, 8.0], [6.768845448539337, 78.76405723858376, -28.0, 8.0], [6.225384852553065, 80.01211363468835, -28.0, 8.0], [5.615512036166363, 81.25959804476611, -28.0, 8.0], [4.944059633806609, 82.49981587566711, -28.0, 8.0], [4.21586027990118, 83.72607253424141, -28.0, 8.0], [3.435746608877447, 84.93167342733912, -28.0, 8.0], [2.60855125516279, 86.10992396181031, -28.0, 8.0], [1.7391068531845897, 87.25412954450503, -28.0, 8.0], [0.8322460373702109, 88.3575955822734, -28.0, 8.0], [-0.10719855785295204, 89.41362748196548, -28.0, 8.0], [-1.0743942980575376, 90.41553065043134, -28.0, 8.0], [-2.064508548816167, 91.35661049452106, -28.0, 8.0], [-3.0727086757014535, 92.23017242108475, -28.0, 8.0], [-4.094162044286034, 93.02952183697246, -28.0, 8.0], [-5.12403602014253, 93.74796414903427, -28.0, 8.0], [-6.157497968843556, 94.37880476412025, -28.0, 8.0], [-7.235560960783792, 94.88725159313061, -28.0, 8.0], [-8.39585161744338, 95.25417845494307, -28.0, 8.0], [-9.628457631023183, 95.4963896183743, -28.0, 8.0], [-10.923466693724032, 95.63068935224078, -28.0, 8.0], [-12.270966497746791, 95.67388192535905, -28.0, 8.0], [-13.661044735292293, 95.64277160654574, -28.0, 8.0], [-15.083789098561386, 95.5541626646173, -28.0, 8.0], [-16.529287279754918, 95.42485936839032, -28.0, 8.0], [-17.98762697107375, 95.27166598668137, -28.0, 8.0], [-19.448895864718715, 95.11138678830699, -28.0, 8.0], [-20.903181652890645, 94.96082604208368, -28.0, 8.0], [-22.34057202779043, 94.83678801682807, -28.0, 8.0], [-23.75115468161887, 94.75607698135667, -28.0, 8.0], [-25.125017306576833, 94.73549720448601, -28.0, 8.0], [-26.45224759486517, 94.79185295503267, -28.0, 8.0], [-27.722933238684718, 94.94194850181317, -28.0, 8.0], [-28.92716193023635, 95.20258811364413, -28.0, 8.0], [-30.05502136172088, 95.590576059342, -28.0, 8.0], [-31.096599225339162, 96.12271660772339, -28.0, 8.0], [-32.08346996164358, 96.78178504594152, -28.0, 8.0], [-33.05193938919604, 97.53446820466624, -28.0, 8.0], [-33.99919226721182, 98.37343766798922, -28.0, 8.0], [-34.9224133549061, 99.29136502000206, -28.0, 8.0], [-35.81878741149411, 100.2809218447964, -28.0, 8.0], [-36.68549919619107, 101.33477972646384, -28.0, 8.0], [-37.51973346821218, 102.44561024909595, -28.0, 8.0], [-38.3186749867727, 103.60608499678439, -28.0, 8.0], [-39.07950851108782, 104.80887555362077, -28.0, 8.0], [-39.79941880037276, 106.04665350369672, -28.0, 8.0], [-40.47559061384274, 107.3120904311038, -28.0, 8.0], [-41.10520871071299, 108.59785791993366, -28.0, 8.0], [-41.685457850198716, 109.8966275542779, -28.0, 8.0], [-42.21352279151516, 111.20107091822817, -28.0, 8.0], [-42.686588293877506, 112.50385959587608, -28.0, 8.0], [-43.101839116501, 113.79766517131321, -28.0, 8.0], [-43.45646001860086, 115.07515922863122, -28.0, 8.0], [-43.747635759392296, 116.32901335192167, -28.0, 8.0], [-43.97255109809052, 117.5518991252762, -28.0, 8.0], [-44.10612140291595, 118.7639201057, -28.0, 8.0], [-44.132172986377505, 119.98939792305143, -28.0, 8.0], [-44.06125702412325, 121.22733127070202, -28.0, 8.0], [-43.90392469180119, 122.47671884202316, -28.0, 8.0], [-43.67072716505935, 123.7365593303864, -28.0, 8.0], [-43.37221561954577, 125.00585142916314, -28.0, 8.0], [-43.01894123090847, 126.28359383172484, -28.0, 8.0], [-42.621455174795486, 127.56878523144302, -28.0, 8.0], [-42.19030862685486, 128.8604243216891, -28.0, 8.0], [-41.73605276273459, 130.15750979583456, -28.0, 8.0], [-41.26923875808273, 131.45904034725083, -28.0, 8.0], [-40.80041778854729, 132.76401466930943, -28.0, 8.0], [-40.34014102977633, 134.0714314553818, -28.0, 8.0], [-39.898959657417855, 135.38028939883938, -28.0, 8.0], [-39.487424847119904, 136.68958719305365, -28.0, 8.0], [-39.116087774530506, 137.99832353139612, -28.0, 8.0], [-38.795499615297686, 139.30549710723818, -28.0, 8.0], [-38.536211545069484, 140.61010661395136, -28.0, 8.0], [-38.3487747394939, 141.91115074490708, -28.0, 8.0], [-38.20472949932173, 143.21378493687433, -28.0, 8.0], [-38.06943540585033, 144.52320570778872, -28.0, 8.0], [-37.944172555547645, 145.83847337277174, -28.0, 8.0], [-37.83022104488164, 147.15864824694472, -28.0, 8.0], [-37.72886097032023, 