{"control_nodes": [[-4.592425496802574e-15, -25.0, -28.0, 8.0], [0.0, 0.0, -28.0, 8.0], [0.43631016093208996, 24.996192378909782, -28.0, 8.0], [0.8726203218641799, 49.992384757819565, -28.0, 8.0], [-23.158922076593793, 56.883318653244544, -28.0, 8.0], [-47.06654097566968, 49.574026035176125, -28.0, 8.0], [-64.11649997723214, 31.290183494696862, -28.0, 8.0], [-81.1664589787946, 13.006340954217599, -28.0, 8.0], [-106.1055602352902, 11.26242911061446, -28.0, 8.0], [-129.1181815716012, 21.030707322846297, -28.0, 8.0], [-140.85497064124849, 43.104397144319464, -28.0, 8.0], [-152.59175971089576, 65.17808696579263, -28.0, 8.0]], "sample_nodes": [[0.0, 0.0, -28.0, 8.0], [0.012658656076029565, 1.3156790032662282, -28.0, 8.0], [0.02754370894935066, 2.6313385770619515, -28.0, 8.0], [0.044464324608766974, 3.9469803867703668, -28.0, 8.0], [0.06322966904308198, 5.262606097774648, -28.0, 8.0], [0.08364890824109937, 6.578217375457992, -28.0, 8.0], [0.10553120819162266, 7.893815885203578, -28.0, 8.0], [0.12868573488345536, 9.20940329239459, -28.0, 8.0], [0.15292165430540106, 10.524981262414212, -28.0, 8.0], [0.17804813244626355, 11.840551460645646, -28.0, 8.0], [0.20387433529484628, 13.156115552472063, -28.0, 8.0], [0.2302094288399526, 14.471675203276643, -28.0, 8.0], [0.2568625790703865, 15.78723207844259, -28.0, 8.0], [0.28364295197495115, 17.10278784335307, -28.0, 8.0], [0.31035971354245045, 18.418344163391282, -28.0, 8.0], [0.33682202976168785, 19.733902703940412, -28.0, 8.0], [0.36283906662146675, 21.049465130383634, -28.0, 8.0], [0.38821999011059116, 22.36503310810415, -28.0, 8.0], [0.41277396621786433, 23.68060830248514, -28.0, 8.0], [0.43631016093208996, 24.996192378909782, -28.0, 8.0], [0.49137921489491193, 26.33553816913253, -28.0, 8.0], [0.60352446669273, 27.717118124063788, -28.0, 8.0], [0.7620441292314833, 29.133013337820735, -28.0, 8.0], [0.9562364154171085, 30.575304904520493, -28.0, 8.0], [1.175399538155546, 32.03607391828025, -28.0, 8.0], [1.4088317103527321, 33.50740147321712, -28.0, 8.0], [1.6458311449146046, 34.98136866344828, -28.0, 8.0], [1.875696054747103, 36.45005658309087, -28.0, 8.0], [2.0877246527561657, 37.905546326262055, -28.0, 8.0], [2.27121515184773, 39.339918987078974, -28.0, 8.0], [2.415465764927733, 40.74525565965878, -28.0, 8.0], [2.5097747049021155, 42.113637438118644, -28.0, 8.0], [2.5434401846768138, 43.437145416575675, -28.0, 8.0], [2.505760417157767, 44.70786068914707, -28.0, 8.0], [2.38603361525091, 45.917864349949966, -28.0, 8.0], [2.173557991862188, 47.059237493101506, -28.0, 8.0], [1.8576317598975327, 48.12406121271886, -28.0, 8.0], [1.427553132262884, 49.10441660291915, -28.0, 8.0], [0.8726203218641799, 49.992384757819565, -28.0, 8.0], [0.18553619841811136, 50.801319157760446, -28.0, 8.0], [-0.6266911843323376, 51.550991212941696, -28.0, 8.0], [-1.5533058374418003, 52.2431089122699, -28.0, 8.0], [-2.583551771964895, 52.879380244651614, -28.0, 8.0], [-3.706672998956258, 53.46151319899335, -28.0, 8.0], [-4.9119135294705085, 53.991215764201655, -28.0, 8.0], [-6.188517374562273, 54.47019592918308, -28.0, 8.0], [-7.525728545286178, 54.90016168284416, -28.0, 8.0], [-8.91279105269686, 55.28282101409144, -28.0, 8.0], [-10.338948907848938, 55.619881911831456, -28.0, 8.0], [-11.793446121797025, 55.91305236497076, -28.0, 8.0], [-13.265526705595782, 56.16404036241589, -28.0, 8.0], [-14.744434670299793, 56.3745538930734, -28.0, 8.0], [-16.21941402696372, 56.54630094584981, -28.0, 8.0], [-17.67970878664217, 56.68098950965168, -28.0, 8.0], [-19.11456296038977, 56.780327573385534, -28.0, 8.0], [-20.51322055926116, 56.846023125957956, -28.0, 8.0], [-21.86492559431096, 56.879784156275434, -28.0, 8.0], [-23.158922076593793, 56.883318653244544, -28.0, 8.0], [-24.429142949686657, 56.84840875520766, -28.0, 8.0], [-25.714728341788373, 56.76663850883808, -28.0, 8.0], [-27.01273304088638, 56.63941876553889, -28.0, 8.0], [-28.320211834968063, 56.468160376713065, -28.0, 8.0], [-29.63421951202083, 56.25427419376359, -28.0, 8.0], [-30.951810860032083, 55.99917106809352, -28.0, 8.0], [-32.27004066698923, 55.70426185110583, -28.0, 8.0], [-33.58596372087966, 55.37095739420356, -28.0, 8.0], [-34.896634809690816, 55.00066854878969, -28.0, 8.0], [-36.19910872141006, 54.59480616626725, -28.0, 8.0], [-37.49044024402481, 54.15478109803924, -28.0, 8.0], [-38.76768416552248, 53.68200419550868, -28.0, 8.0], [-40.02789527389046, 53.177886310078584, -28.0, 8.0], [-41.26812835711617, 52.643838293151944, -28.0, 8.0], [-42.485438203187, 52.08127099613178, -28.0, 8.0], [-43.67687960009036, 51.491595270421115, -28.0, 8.0], [-44.839507335813664, 50.87622196742294, -28.0, 8.0], [-45.97037619834431, 50.236561938540284, -28.0, 8.0], [-47.06654097566968, 49.574026035176125, -28.0, 8.0], [-48.12587558756081, 48.870922074003595, -28.0, 8.0], [-49.15021703770634, 48.111817347809264, -28.0, 8.0], [-50.142564739970204, 47.30151192216646, -28.0, 8.0], [-51.105918108216294, 46.44480586264847, -28.0, 8.0], [-52.04327655630852, 45.54649923482859, -28.0, 8.0], [-52.9576394981108, 44.611392104280114, -28.0, 8.0], [-53.852006347487006, 43.64428453657632, -28.0, 8.0], [-54.7293765183011, 42.64997659729054, -28.0, 8.0], [-55.59274942441695, 41.63326835199604, -28.0, 8.0], [-56.44512447969847, 40.598959866266114, -28.0, 8.0], [-57.28950109800956, 39.55185120567408, -28.0, 8.0], [-58.12887869321415, 38.496742435793216, -28.0, 8.0], [-58.96625667917613, 37.438433622196825, -28.0, 8.0], [-59.80463446975941, 36.38172483045819, -28.0, 8.0], [-60.647011478827906, 35.331416126150614, -28.0, 8.0], [-61.496387120245515, 34.29230757484741, -28.0, 8.0], [-62.355760807876166, 33.26919924212185, -28.0, 8.0], [-63.22813195558375, 32.26689119354724, -28.0, 8.0], [-64.11649997723214, 31.290183494696862, -28.0, 8.0], [-65.00351454484692, 30.306173211363305, -28.0, 8.0], [-65.87212609801655, 29.283580205890935, -28.0, 8.0], [-66.72578520194958, 28.229638738680805, -28.0, 8.0], [-67.56794242185441, 27.151583070133928, -28.0, 8.0], [-68.40204832293952, 26.05664746065132, -28.0, 8.0], [-69.23155347041335, 24.952066170634005, -28.0, 8.0], [-70.05990842948435, 23.84507346048303, -28.0, 8.0], [-70.89056376536101, 22.742903590599397, -28.0, 8.0], [-71.72697004325175, 21.652790821384144, -28.0, 8.0], [-72.57257782836504, 20.581969413238284, -28.0, 8.0], [-73.43083768590932, 19.537673626562853, -28.0, 8.0], [-74.30520018109308, 18.527137721758862, -28.0, 8.0], [-75.19911587912476, 17.557595959227353, -28.0, 8.0], [-76.11603534521281, 16.636282599369338, -28.0, 8.0], [-77.05940914456569, 15.770431902585845, -28.0, 8.0], [-78.03268784239184, 14.967278129277902, -28.0, 8.0], [-79.03932200389974, 14.234055539846533, -28.0, 8.0], [-80.08276219429784, 13.577998394692754, -28.0, 8.0], [-81.1664589787946, 13.006340954217599, -28.0, 8.0], [-82.29524055447288, 12.508800400355932, -28.0, 8.0], [-83.46877262696493, 12.068805047470688, -28.0, 8.0], [-84.68276202430323, 11.68415585460501, -28.0, 8.0], [-85.93291557452018, 11.35265378080203, -28.0, 8.0], [-87.2149401056483, 11.072099785104887, -28.0, 8.0], [-88.52454244572003, 10.840294826556718, -28.0, 8.0], [-89.85742942276781, 10.65503986420066, -28.0, 8.0], [-91.20930786482413, 10.514135857079852, -28.0, 8.0], [-92.57588459992145, 10.415383764237426, -28.0, 8.0], [-93.95286645609221, 10.35658454471652, -28.0, 8.0], [-95.33596026136887, 10.335539157560277, -28.0, 8.0], [-96.72087284378391, 10.350048561811827, -28.0, 8.0], [-98.10331103136976, 10.39791371651431, -28.0, 8.0], [-99.47898165215892, 10.47693558071086, -28.0, 8.0], [-100.84359153418383, 10.58491511344462, -28.0, 8.0], [-102.19284750547693, 10.71965327375872, -28.0, 8.0], [-103.52245639407074, 10.878951020696306, -28.0, 8.0], [-104.8281250279977, 11.060609313300509, -28.0, 8.0], [-106.1055602352902, 11.26242911061446, -28.0, 8.0], [-107.37704711965792, 11.48850068680447, -28.0, 8.0], [-108.665006743355, 11.744611636985777, -28.0, 8.0], [-109.96534987223079, 12.031108901624968, -28.0, 8.0], [-111.2739872721346, 